"Submission ID","Respondent ID","Submitted at","1. Parmi ces causes, avec lesquelles vous vous sentez le/la plus proche ? (3 choix maximum)","2. Parmi ces causes, lesquelles sont, selon vous, les plus urgentes à traiter aujourd’hui par les candidat·es à la présidentielle de 2027 ? (2 choix maximum)","3. Pensez-vous que les sujets importants pour vous sont bien représentés dans les programmes politiques ?","4. Pensez-vous que les sujets importants pour vous sont bien représentés dans les médias ?","5. Tous ces acteurs peuvent contribuer au changement. Selon vous, lequel a le plus de capacité à faire évoluer ces sujets ?","6. Ces dernières années, avez-vous déjà lu des programmes politiques ?","7. Avez-vous des difficultés à comprendre les programmes politiques ?","8. Selon vous, les responsables et partis politiques prennent-ils suffisamment en compte les préoccupations et les attentes des jeunes dans leurs programmes ?","9. Quelle importance accordez-vous à la consultation des jeunes dans l’élaboration des programmes politiques ?","10. Vous sentez-vous légitime pour exprimer votre opinion sur des sujets politiques ?","11. Avez-vous confiance dans les responsables politiques ?","12. Pour vous, le plus important chez un·e candidat·e à la présidentielle est :","13. Si vous deviez décrire en un mot votre président·e idéal·e, quel serait-il ?","14. A quelle tendance politique vous identifiez-vous ?","15. En général, pour vous informer, vous faites plutôt confiance ?","16. Quelles sont vos principales sources d'information sur les élections ? (2 choix maximum)","16. Quelles sont vos principales sources d'information sur les élections ? (2 choix maximum) (Réseaux sociaux)","16. Quelles sont vos principales sources d'information sur les élections ? (2 choix maximum) (Médias (TV, radio, presse))","16. Quelles sont vos principales sources d'information sur les élections ? (2 choix maximum) (Internet (sites d’information))","16. Quelles sont vos principales sources d'information sur les élections ? (2 choix maximum) (Entourage (ami·es, famille))","16. Quelles sont vos principales sources d'information sur les élections ? (2 choix maximum) (Milieu scolaire / réseau étudiant)","16. Quelles sont vos principales sources d'information sur les élections ? (2 choix maximum) (Structures jeunesse (missions locales, associations…))","16. Quelles sont vos principales sources d'information sur les élections ? (2 choix maximum) (Je ne m’informe pas sur ce sujet)","17. Est-ce que vous vous considérez comme une personne engagée dans votre quotidien ?","18. Si vous deviez vous engager, sous quelle(s) forme(s) préféreriez-vous le faire ? (2 choix maximum)","18. Si vous deviez vous engager, sous quelle(s) forme(s) préféreriez-vous le faire ? (2 choix maximum) (Participer à des ateliers, débats)","18. Si vous deviez vous engager, sous quelle(s) forme(s) préféreriez-vous le faire ? (2 choix maximum) (Signer, lancer ou relayer des pétitions)","18. Si vous deviez vous engager, sous quelle(s) forme(s) préféreriez-vous le faire ? (2 choix maximum) (Créer du contenu (vidéo, réseaux sociaux))","18. Si vous deviez vous engager, sous quelle(s) forme(s) préféreriez-vous le faire ? (2 choix maximum) (Participer à un projet artistique)","18. Si vous deviez vous engager, sous quelle(s) forme(s) préféreriez-vous le faire ? (2 choix maximum) (Rejoindre une association)","18. Si vous deviez vous engager, sous quelle(s) forme(s) préféreriez-vous le faire ? (2 choix maximum) (Manifester dans la rue)","18. Si vous deviez vous engager, sous quelle(s) forme(s) préféreriez-vous le faire ? (2 choix maximum) (Voter)","18. Si vous deviez vous engager, sous quelle(s) forme(s) préféreriez-vous le faire ? (2 choix maximum) (Autre)","19. Pensez-vous que voter est utile pour faire évoluer la société ?","20. Quels sont selon vous les principaux freins à la participation électorale des jeunes ? (2 choix maximum)","20. Quels sont selon vous les principaux freins à la participation électorale des jeunes ? (2 choix maximum) (Manque de confiance envers les politiques)","20. Quels sont selon vous les principaux freins à la participation électorale des jeunes ? (2 choix maximum) (Manque de représentativité)","20. Quels sont selon vous les principaux freins à la participation électorale des jeunes ? (2 choix maximum) (Manque d’accès à l’information)","20. Quels sont selon vous les principaux freins à la participation électorale des jeunes ? (2 choix maximum) (Manque d’intérêt)","20. Quels sont selon vous les principaux freins à la participation électorale des jeunes ? (2 choix maximum) (Manque de temps)","20. Quels sont selon vous les principaux freins à la participation électorale des jeunes ? (2 choix maximum) (Difficulté à comprendre les enjeux)","20. Quels sont selon vous les principaux freins à la participation électorale des jeunes ? (2 choix maximum) (Autre)","21. Qu’est-ce qui pourrait encourager les jeunes à voter ? (2 choix maximum)","21. Qu’est-ce qui pourrait encourager les jeunes à voter ? (2 choix maximum) (Mieux comprendre les programmes)","21. Qu’est-ce qui pourrait encourager les jeunes à voter ? (2 choix maximum) (Se sentir concerné·e par les enjeux)","21. Qu’est-ce qui pourrait encourager les jeunes à voter ? (2 choix maximum) (Avoir plus confiance dans les candidat·es)","21. Qu’est-ce qui pourrait encourager les jeunes à voter ? (2 choix maximum) (Se sentir mieux représenté·es)","21. Qu’est-ce qui pourrait encourager les jeunes à voter ? (2 choix maximum) (Je ne sais pas)","22. Serez-vous en âge de voter à l’élection présidentielle de 2027 ? (avril 2027)","23. Si oui, pensez-vous aller voter ?","24. Quel âge avez-vous ?","25. De quel genre vous définissez-vous ?","26. Quel est votre niveau d'études ?","27. Quelle est votre situation actuelle ?","28. Dans quel département habitez-vous actuellement ?"
"bZkDxgE","44z2POk","2026-06-08 08:37:07","Droits des femmes, Droits des personnes LGBTQIA+, Droits humains","Droits des personnes LGBTQIA+, Économie","Non, pas vraiment","Non, pas du tout","Les citoyen·nes, Les associations, Les responsables politiques","En partie","Non, pas du tout","Non, pas du tout","Important","Non, pas vraiment","Oui, tout à fait","Ses propositions concrètes","","Centre-droite","Aux réseaux sociaux","Réseaux sociaux, Médias (TV, radio, presse)","true","true","false","false","false","false","false","Oui","Créer du contenu (vidéo, réseaux sociaux), Signer, lancer ou relayer des pétitions","false","true","true","false","false","false","false","false","Non, pas vraiment","Manque d’intérêt, Manque de temps","false","false","false","true","true","false","false","Avoir plus confiance dans les candidat·es, Se sentir concerné·e par les enjeux","false","true","true","false","false","Non","Non","15","Homme","Brevet des collèges","Sans emploi","58 - Nièvre"
"9Nl076X","kdza1Ed","2026-06-16 10:10:52","Droits des femmes, Harcèlement scolaire, Éducation (orientation, égalité des chances)","Justice climatique et protection de l’environnement (biodiversité, réduction des déchets), Handicap et lutte contre le validisme","Non, pas vraiment","Non, pas vraiment","Les associations, Les responsables politiques, Les citoyen·nes","Oui, intégralement","Non, pas vraiment","Non, pas vraiment","Très important","Oui, tout à fait","Non, pas vraiment","Son expérience","A l’ecoute","Gauche","Aux médias traditionnels (télévision, radio, journaux, magazines et affichage)","Médias (TV, radio, presse), Milieu scolaire / réseau étudiant","false","true","false","false","true","false","false","Oui","Manifester dans la rue, Participer à des ateliers, débats","true","false","false","false","false","true","false","false","Oui, tout à fait","Manque de confiance envers les politiques, Difficulté à comprendre les enjeux","true","false","false","false","false","true","false","Avoir plus confiance dans les candidat·es, Se sentir mieux représenté·es","false","false","true","true","false","Oui","Oui","18","Femme","Baccalauréat général, technologique, professionnel","Étudiant·e","94 - Val-de-Marne"
"0VPRPA0","LZOD7Dp","2026-06-16 16:11:12","Droits des personnes LGBTQIA+, Droits des femmes, Accès à la culture","Droits humains, Justice climatique et protection de l’environnement (biodiversité, réduction des déchets)","Non, pas du tout","Oui, plutôt","Les responsables politiques, Les citoyen·nes, Les associations","En partie","Oui, plutôt","Non, pas du tout","Très important","Oui, tout à fait","Non, pas vraiment","Ses propositions concrètes","à l'écoute","Gauche","Aux médias traditionnels (télévision, radio, journaux, magazines et affichage)","Médias (TV, radio, presse)","false","true","false","false","false","false","false","Non","Participer à un projet artistique, Voter","false","false","false","true","false","false","true","false","Oui, tout à fait","Manque de représentativité, Manque d’intérêt","false","true","false","true","false","false","false","Se sentir concerné·e par les enjeux, Se sentir mieux représenté·es","false","true","false","true","false","Non","","15","Femme","Brevet des collèges","Collégien·ne","75 - Paris"
"Arx7elz","RGj55dJ","2026-06-18 06:20:47","Éducation (orientation, égalité des chances), Droits humains, Santé mentale (stress, anxiété, dépression)","Justice climatique et protection de l’environnement (biodiversité, réduction des déchets), Droits humains","Oui, plutôt","Oui, plutôt","Les citoyen·nes, Les responsables politiques, Les associations","Oui, intégralement","Non, pas vraiment","Non, pas vraiment","Peu important","Non, pas du tout","Non, pas vraiment","Ses propositions concrètes","Engagé ","Ecologiste","Aux médias traditionnels (télévision, radio, journaux, magazines et affichage)","Entourage (ami·es, famille), Médias (TV, radio, presse)","false","true","false","true","false","false","false","Oui","Manifester dans la rue, Voter","false","false","false","false","false","true","true","false","Oui, tout à fait","Manque de confiance envers les politiques, Manque de représentativité","true","true","false","false","false","false","false","Se sentir mieux représenté·es, Mieux comprendre les programmes","true","false","false","true","false","Non","","15","Femme","Aucun diplôme","Collégien·ne","75 - Paris"
"kb56VdJ","PdrlrZV","2026-06-19 13:06:07","Santé mentale (stress, anxiété, dépression), Lutte contre le racisme et la xénophobie, Lutte contre la désinformation","Économie, Accès à la culture","Non, pas vraiment","Non, pas du tout","Les citoyen·nes, Les associations, Les responsables politiques","Oui, intégralement","Non, pas du tout","Non, pas vraiment","Peu important","Non, pas vraiment","Non, pas vraiment","Son expérience","Réel ","Je préfère ne pas répondre","Aux réseaux sociaux","Internet (sites d’information), Structures jeunesse (missions locales, associations…)","false","false","true","false","false","true","false","Oui","Créer du contenu (vidéo, réseaux sociaux)","false","false","true","false","false","false","false","false","Oui, plutôt","Manque de représentativité, Manque d’intérêt","false","true","false","true","false","false","false","Mieux comprendre les programmes, Avoir plus confiance dans les candidat·es","true","false","true","false","false","Non","Je ne sais pas","18","Homme","Je préfère ne pas répondre","Je préfère ne pas répondre","75 - Paris"
"RWR57rp","Ek6Lal2","2026-06-19 13:08:14","Droits des femmes, Droits humains, Justice climatique et protection de l’environnement (biodiversité, réduction des déchets)","Droits humains, Maltraitance animale","Oui, plutôt","Non, pas vraiment","Les responsables politiques, Les citoyen·nes, Les associations","En partie","Oui, plutôt","Non, pas vraiment","Important","Oui, plutôt","Non, pas vraiment","Ses propositions concrètes","À l’écoute ","Gauche","Aux médias traditionnels (télévision, radio, journaux, magazines et affichage)","Réseaux sociaux, Internet (sites d’information)","true","false","true","false","false","false","false","Oui","Manifester dans la rue, Voter","false","false","false","false","false","true","true","false","Oui, tout à fait","Manque d’accès à l’information, Difficulté à comprendre les enjeux","false","false","true","false","false","true","false","Mieux comprendre les programmes, Se sentir concerné·e par les enjeux","true","true","false","false","false","Non","","15","Femme","Brevet des collèges","Lycéen·ne","75 - Paris"
"YjrWL2W","XxQENYY","2026-06-19 13:09:15","Droits des femmes, Droits humains, Lutte contre le racisme et la xénophobie","Éducation (orientation, égalité des chances), Justice climatique et protection de l’environnement (biodiversité, réduction des déchets)","Non, pas vraiment","Non, pas du tout","Les citoyen·nes, Les responsables politiques, Les associations","Oui, intégralement","Non, pas vraiment","Non, pas vraiment","Très important","Oui, tout à fait","Non, pas du tout","Ses propositions concrètes","A l ecoute","Gauche","Aux médias traditionnels (télévision, radio, journaux, magazines et affichage)","Internet (sites d’information), Médias (TV, radio, presse)","false","true","true","false","false","false","false","Oui","Manifester dans la rue, Voter","false","false","false","false","false","true","true","false","Oui, tout à fait","Manque de confiance envers les politiques, Manque de représentativité","true","true","false","false","false","false","false","Avoir plus confiance dans les candidat·es, Se sentir mieux représenté·es","false","false","true","true","false","Non","","16","Femme","Brevet des collèges","Lycéen·ne","75 - Paris"
"ArxLVoD","obzox0e","2026-06-19 13:09:37","Droits des femmes, Droits humains, Lutte contre le racisme et la xénophobie","Droits des femmes, Droits humains","Non, pas vraiment","Non, pas vraiment","Les citoyen·nes, Les responsables politiques, Les associations","En partie","Non, pas vraiment","Non, pas vraiment","Très important","Oui, plutôt","Non, pas du tout","Ses propositions concrètes","Écologiste ","Gauche","Aux médias traditionnels (télévision, radio, journaux, magazines et affichage)","Médias (TV, radio, presse), Réseaux sociaux","true","true","false","false","false","false","false","Oui","Manifester dans la rue, Signer, lancer ou relayer des pétitions","false","true","false","false","false","true","false","false","Oui, tout à fait","Manque de confiance envers les politiques, Manque d’accès à l’information","true","false","true","false","false","false","false","Mieux comprendre les programmes, Se sentir mieux représenté·es","true","false","false","true","false","Non","Oui","15","Femme","Brevet des collèges","Lycéen·ne","75 - Paris"
"OQL5pQ7","81rGEjO","2026-06-19 13:09:52","Lutte contre la grossophobie, Politique étrangère, Logement","Lutte contre la grossophobie, Droits des animaux","Non, pas du tout","Non, pas du tout","Les associations, Les citoyen·nes, Les responsables politiques","Non","Oui, tout à fait","Non, pas du tout","Pas du tout important","Oui, plutôt","Non, pas du tout","Ses propositions concrètes","cool","Extrême-gauche","Aux médias traditionnels (télévision, radio, journaux, magazines et affichage)","Entourage (ami·es, famille)","false","false","false","true","false","false","false","Oui","Créer du contenu (vidéo, réseaux sociaux)","false","false","true","false","false","false","false","false","Non, pas du tout","Difficulté à comprendre les enjeux","false","false","false","false","false","true","false","Avoir plus confiance dans les candidat·es","false","false","true","false","false","Non","Oui","21","Je préfère ne pas répondre","Aucun diplôme","Collégien·ne","65 - Hautes-Pyrénées"
"e5Le1rq","VLNVx4v","2026-06-19 13:10:09","Accès à la culture, Droits des femmes, Droits des animaux","Lutte contre la grossophobie, Handicap et lutte contre le validisme","Non, pas du tout","Oui, tout à fait","Les associations, Les citoyen·nes, Les responsables politiques","Non","Oui, tout à fait","Non, pas du tout","Pas du tout important","Non, pas du tout","Non, pas du tout","Sa personnalité, son charisme","Handicapé comme sa il comprendra plus mon ressenti","Extrême-droite","Aux médias traditionnels (télévision, radio, journaux, magazines et affichage)","Médias (TV, radio, presse)","false","true","false","false","false","false","false","Oui","Signer, lancer ou relayer des pétitions","false","true","false","false","false","false","false","false","Oui, plutôt","Manque d’intérêt","false","false","false","true","false","false","false","Avoir plus confiance dans les candidat·es","false","false","true","false","false","Oui","Oui","17","Homme","Bac+8 et plus, doctorat","Sans emploi","67 - Bas-Rhin"
"vX4LpWX","Ek6BJJr","2026-06-20 13:59:45","Accès à la culture, Lutte contre le racisme et la xénophobie, Lutte contre les violences policières","Accès à la culture, Lutte contre le racisme et la xénophobie","Non, pas vraiment","Non, pas du tout","Les citoyen·nes, Les associations, Les responsables politiques","Oui, intégralement","Non, pas vraiment","Non, pas du tout","Très important","Non, pas vraiment","Non, pas du tout","Ses propositions concrètes","à l'écoute ","Gauche","Aux sites internet","Médias (TV, radio, presse), Internet (sites d’information)","false","true","true","false","false","false","false","Non","Signer, lancer ou relayer des pétitions, Voter","false","true","false","false","false","false","true","false","Oui, tout à fait","Manque de confiance envers les politiques, Manque d’intérêt","true","false","false","true","false","false","false","Se sentir concerné·e par les enjeux, Se sentir mieux représenté·es","false","true","false","true","false","Oui","Oui","24","Femme","Bac+3 ou +4, ou diplôme de niveau équivalent","Étudiant·e","75 - Paris"
"0VLz5eA","68PyjBB","2026-06-23 13:11:43","Santé mentale (stress, anxiété, dépression), Droits des personnes LGBTQIA+, Justice sociale","Droits humains, Éducation (orientation, égalité des chances)","Non, pas vraiment","Non, pas vraiment","Les responsables politiques, Les associations, Les citoyen·nes","Oui, intégralement","Non, pas vraiment","Non, pas du tout","Très important","Oui, plutôt","Non, pas vraiment","Ses propositions concrètes","À l'écoute","Gauche","Aux médias traditionnels (télévision, radio, journaux, magazines et affichage)","Médias (TV, radio, presse), Réseaux sociaux","true","true","false","false","false","false","false","Oui","Voter, Participer à un projet artistique","false","false","false","true","false","false","true","false","Oui, tout à fait","Manque de confiance envers les politiques, Manque de représentativité","true","true","false","false","false","false","false","Se sentir mieux représenté·es, Avoir plus confiance dans les candidat·es","false","false","true","true","false","Oui","Oui","24","Femme","Bac+3 ou +4, ou diplôme de niveau équivalent","En emploi","94 - Val-de-Marne"
"LDXjpZJ","jazYJoE","2026-06-23 14:44:02","Éducation (orientation, égalité des chances), Handicap et lutte contre le validisme, Lutte contre le racisme et la xénophobie","Droits humains, Lutte contre le racisme et la xénophobie","Non, pas vraiment","Non, pas du tout","Les responsables politiques, Les citoyen·nes, Les associations","Oui, intégralement","Non, pas du tout","Non, pas vraiment","Important","Oui, plutôt","Non, pas vraiment","Ses propositions concrètes","Empathique","Extrême-gauche","Aux sites internet","Réseaux sociaux, Internet (sites d’information)","true","false","true","false","false","false","false","Oui","Manifester dans la rue, Voter","false","false","false","false","false","true","true","false","Oui, plutôt","Manque de confiance envers les politiques, Manque de représentativité","true","true","false","false","false","false","false","Se sentir concerné·e par les enjeux, Se sentir mieux représenté·es","false","true","false","true","false","Oui","Oui","21","Femme","Bac+3 ou +4, ou diplôme de niveau équivalent","Étudiant·e","67 - Bas-Rhin"
"0VLYE66","WOqB1ze","2026-06-23 14:56:41","Lutte contre les violences policières, Éducation (orientation, égalité des chances), Justice sociale","Lutte contre les discriminations religieuses, Lutte contre le racisme et la xénophobie","Non, pas vraiment","Non, pas du tout","Les associations, Les citoyen·nes, Les responsables politiques","En partie","Non, pas vraiment","Non, pas vraiment","Peu important","Oui, tout à fait","Non, pas vraiment","Son appartenance politique, son parti","Intègre tout le monde","Gauche","Aux réseaux sociaux","Réseaux sociaux, Entourage (ami·es, famille)","true","false","false","true","false","false","false","Oui","Participer à des ateliers, débats, Voter","true","false","false","false","false","false","true","false","Oui, tout à fait","Manque de représentativité, Manque d’intérêt","false","true","false","true","false","false","false","Se sentir concerné·e par les enjeux, Se sentir mieux représenté·es","false","true","false","true","false","Oui","Je ne sais pas","18","Homme","Baccalauréat général, technologique, professionnel","Étudiant·e","75 - Paris"
"aO0pZdq","rjYRjoR","2026-06-23 22:38:21","Éducation (orientation, égalité des chances), Justice sociale, Santé mentale (stress, anxiété, dépression)","Justice sociale, Éducation (orientation, égalité des chances)","Non, pas vraiment","Non, pas du tout","Les responsables politiques, Les associations, Les citoyen·nes","Oui, intégralement","Non, pas vraiment","Non, pas du tout","Très important","Oui, tout à fait","Non, pas vraiment","Ses propositions concrètes","Capable","Gauche","Aux médias traditionnels (télévision, radio, journaux, magazines et affichage)","Réseaux sociaux, Médias (TV, radio, presse)","true","true","false","false","false","false","false","Oui","Participer à des ateliers, débats, Rejoindre une association","true","false","false","false","true","false","false","false","Oui, tout à fait","Manque de confiance envers les politiques, Manque de représentativité","true","true","false","false","false","false","false","Se sentir concerné·e par les enjeux, Mieux comprendre les programmes","true","true","false","false","false","Oui","Oui","18","Femme","Baccalauréat général, technologique, professionnel","Étudiant·e","75 - Paris"
"OQLxbvg","J9ob1PK","2026-06-23 22:58:03","Lutte contre le racisme et la xénophobie, Lutte contre les discriminations religieuses, Droits des femmes","Droits humains, Sécurité","Non, pas vraiment","Non, pas du tout","Les associations, Les citoyen·nes, Les responsables politiques","En partie","Oui, plutôt","Je ne sais pas","Très important","Oui, plutôt","Non, pas du tout","Son expérience","Un président étant honnête avec des ambitions importantes mais qui reste de l’ordre de la réalité ","Je préfère ne pas répondre","Aux médias traditionnels (télévision, radio, journaux, magazines et affichage)","Réseaux sociaux, Structures jeunesse (missions locales, associations…)","true","false","false","false","false","true","false","Oui","Créer du contenu (vidéo, réseaux sociaux), Rejoindre une association","false","false","true","false","true","false","false","false","Oui, plutôt","Manque d’accès à l’information, Difficulté à comprendre les enjeux","false","false","true","false","false","true","false","Se sentir concerné·e par les enjeux, Se sentir mieux représenté·es","false","true","false","true","false","Oui","Oui","17","Femme","Baccalauréat général, technologique, professionnel","Lycéen·ne","78 - Yvelines"
"rDV8ve5","kdzX9de","2026-06-23 23:12:19","Droits humains, Justice sociale, Lutte contre le racisme et la xénophobie","Justice sociale, Lutte contre le racisme et la xénophobie","Non, pas vraiment","Non, pas du tout","Les responsables politiques, Les associations, Les citoyen·nes","Oui, intégralement","Non, pas vraiment","Non, pas vraiment","Très important","Oui, plutôt","Non, pas vraiment","Son appartenance politique, son parti","Juste","Extrême-gauche","Aux réseaux sociaux","Réseaux sociaux, Médias (TV, radio, presse)","true","true","false","false","false","false","false","Oui","Rejoindre une association, Voter","false","false","false","false","true","false","true","false","Oui, plutôt","Manque de confiance envers les politiques, Manque de représentativité","true","true","false","false","false","false","false","Avoir plus confiance dans les candidat·es, Se sentir mieux représenté·es","false","false","true","true","false","Oui","Oui","22","Femme","Bac+3 ou +4, ou diplôme de niveau équivalent","Étudiant·e","93 - Seine-Saint-Denis"
"BEZWyD4","Ek6e9MN","2026-06-24 06:03:56","Justice climatique et protection de l’environnement (biodiversité, réduction des déchets), Santé mentale (stress, anxiété, dépression), Droits des femmes","Justice climatique et protection de l’environnement (biodiversité, réduction des déchets), Justice sociale","Non, pas vraiment","Non, pas du tout","Les responsables politiques, Les citoyen·nes, Les associations","En partie","Non, pas vraiment","Non, pas vraiment","Très important","Oui, plutôt","Non, pas du tout","Ses propositions concrètes","courageuse","Ecologiste","Aux réseaux sociaux","Réseaux sociaux, Structures jeunesse (missions locales, associations…)","true","false","false","false","false","true","false","Oui","Créer du contenu (vidéo, réseaux sociaux), Rejoindre une association","false","false","true","false","true","false","false","false","Oui, tout à fait","Manque de confiance envers les politiques, Manque de représentativité","true","true","false","false","false","false","false","Avoir plus confiance dans les candidat·es, Se sentir concerné·e par les enjeux","false","true","true","false","false","Oui","Oui","24","Femme","Bac+3 ou +4, ou diplôme de niveau équivalent","Sans emploi","67 - Bas-Rhin"
"0VLWVW6","GxbVeOo","2026-06-24 06:58:37","Accès à la culture, Éducation (orientation, égalité des chances), Justice sociale","Éducation (orientation, égalité des chances), Justice sociale","Non, pas vraiment","Non, pas vraiment","Les responsables politiques, Les associations, Les citoyen·nes","En partie","Oui, plutôt","Non, pas vraiment","Très important","Oui, tout à fait","Non, pas vraiment","Ses propositions concrètes","tient ses promesses","Gauche","Aux réseaux sociaux","Médias (TV, radio, presse), Réseaux sociaux","true","true","false","false","false","false","false","Oui","Signer, lancer ou relayer des pétitions, Manifester dans la rue","false","true","false","false","false","true","false","false","Oui, tout à fait","Manque de représentativité, Manque de confiance envers les politiques","true","true","false","false","false","false","false","Se sentir mieux représenté·es, Mieux comprendre les programmes","true","false","false","true","false","Non","","17","Femme","Baccalauréat général, technologique, professionnel","Lycéen·ne","44 - Loire-Atlantique"
"RWR9dlP","MeV2X9X","2026-06-24 07:08:40","Justice climatique et protection de l’environnement (biodiversité, réduction des déchets), Droits des femmes, Lutte contre le racisme et la xénophobie","Éducation (orientation, égalité des chances), Justice climatique et protection de l’environnement (biodiversité, réduction des déchets)","Non, pas du tout","Non, pas du tout","Les associations, Les citoyen·nes, Les responsables politiques","Oui, intégralement","Non, pas du tout","Non, pas du tout","Très important","Oui, tout à fait","Non, pas du tout","Ses propositions concrètes","Mélanchon ou Poutou","Extrême-gauche","Aux réseaux sociaux","Internet (sites d’information), Réseaux sociaux","true","false","true","false","false","false","false","Oui","Participer à des ateliers, débats, Manifester dans la rue","true","false","false","false","false","true","false","false","Oui, tout à fait","Manque d’intérêt, Difficulté à comprendre les enjeux","false","false","false","true","false","true","false","Se sentir concerné·e par les enjeux, Se sentir mieux représenté·es","false","true","false","true","false","Oui","Oui","20","Femme","Bac+2 ou diplôme de niveau équivalent","Étudiant·e","38 - Isère"
"dblya4z","zxdANO8","2026-06-24 07:14:26","Droits des personnes LGBTQIA+, Lutte contre la désinformation, Éducation (orientation, égalité des chances)","Justice climatique et protection de l’environnement (biodiversité, réduction des déchets), Lutte contre le racisme et la xénophobie","Non, pas vraiment","Non, pas du tout","Les citoyen·nes, Les associations, Les responsables politiques","Oui, intégralement","Non, pas vraiment","Non, pas vraiment","Très important","Oui, tout à fait","Non, pas vraiment","Ses propositions concrètes","Responsable","Gauche","Aux réseaux sociaux","Milieu scolaire / réseau étudiant, Internet (sites d’information)","false","false","true","false","true","false","false","Oui","Manifester dans la rue, Participer à des ateliers, débats","true","false","false","false","false","true","false","false","Oui, plutôt","Manque de confiance envers les politiques, Manque d’accès à l’information","true","false","true","false","false","false","false","Se sentir mieux représenté·es, Se sentir concerné·e par les enjeux","false","true","false","true","false","Oui","Oui","18","Homme","Baccalauréat général, technologique, professionnel","Lycéen·ne","30 - Gard"
"BEZR7QQ","vGzaDBA","2026-06-24 07:28:47","Justice climatique et protection de l’environnement (biodiversité, réduction des déchets), Transports et mobilités durables, Alimentation durable","Justice climatique et protection de l’environnement (biodiversité, réduction des déchets), Transports et mobilités durables","Non, pas vraiment","Non, pas vraiment","Les citoyen·nes, Les associations, Les responsables politiques","Oui, intégralement","Non, pas du tout","Non, pas vraiment","Très important","Oui, plutôt","Non, pas vraiment","Ses propositions concrètes","Quelqu’un qui agit pour un avenir durable","Ecologiste","Aux médias traditionnels (télévision, radio, journaux, magazines et affichage)","Médias (TV, radio, presse), Réseaux sociaux","true","true","false","false","false","false","false","Oui","Rejoindre une association, Participer à des ateliers, débats","true","false","false","false","true","false","false","false","Oui, plutôt","Manque de représentativité, Manque de confiance envers les politiques","true","true","false","false","false","false","false","Mieux comprendre les programmes, Se sentir mieux représenté·es","true","false","false","true","false","Oui","Oui","24","Homme","Bac+5, ou diplôme de niveau équivalent","Étudiant·e","69 - Rhône"
"X5EbWjz","Y59b4QB","2026-06-24 07:36:41","Accès à la culture, Justice climatique et protection de l’environnement (biodiversité, réduction des déchets), Justice sociale","Justice climatique et protection de l’environnement (biodiversité, réduction des déchets), Alimentation durable","Non, pas vraiment","Non, pas du tout","Les responsables politiques, Les associations, Les citoyen·nes","Oui, intégralement","Non, pas vraiment","Oui, plutôt","Très important","Oui, plutôt","Non, pas vraiment","Ses propositions concrètes","humaniste","Extrême-gauche","Aux médias traditionnels (télévision, radio, journaux, magazines et affichage)","Réseaux sociaux, Internet (sites d’information)","true","false","true","false","false","false","false","Oui","Créer du contenu (vidéo, réseaux sociaux), Participer à des ateliers, débats","true","false","true","false","false","false","false","false","Oui, tout à fait","Manque d’intérêt, Manque de confiance envers les politiques","true","false","false","true","false","false","false","Se sentir concerné·e par les enjeux, Avoir plus confiance dans les candidat·es","false","true","true","false","false","Non","","16","Femme","Brevet des collèges","Lycéen·ne","02 - Aisne"
"1WMaKa1","b5zMxZo","2026-06-24 07:52:21","Accès à la culture, Justice climatique et protection de l’environnement (biodiversité, réduction des déchets), Droits humains","Justice climatique et protection de l’environnement (biodiversité, réduction des déchets), Droits humains","Non, pas vraiment","Non, pas du tout","Les responsables politiques, Les associations, Les citoyen·nes","En partie","Non, pas vraiment","Non, pas du tout","Très important","Oui, plutôt","Non, pas vraiment","Ses propositions concrètes","Intègre ","Ecologiste","Aux médias traditionnels (télévision, radio, journaux, magazines et affichage)","Entourage (ami·es, famille), Médias (TV, radio, presse)","false","true","false","true","false","false","false","Oui","Participer à un projet artistique, Signer, lancer ou relayer des pétitions","false","true","false","true","false","false","false","false","Oui, tout à fait","Difficulté à comprendre les enjeux, Manque d’accès à l’information","false","false","true","false","false","true","false","Mieux comprendre les programmes","true","false","false","false","false","Non","","16","Femme","Brevet des collèges","Lycéen·ne","33 - Gironde"
"yXxaza4","GxbVDOZ","2026-06-24 08:46:47","Droits des femmes, Droits humains, Éducation (orientation, égalité des chances)","Droits des femmes, Éducation (orientation, égalité des chances)","Non, pas vraiment","Non, pas vraiment","Les associations, Les responsables politiques, Les citoyen·nes","Oui, intégralement","Non, pas vraiment","Non, pas vraiment","Très important","Oui, plutôt","Non, pas vraiment","Son appartenance politique, son parti","A l’écoute ","Centre-gauche","Aux médias traditionnels (télévision, radio, journaux, magazines et affichage)","Médias (TV, radio, presse), Réseaux sociaux","true","true","false","false","false","false","false","Oui","Rejoindre une association, Manifester dans la rue","false","false","false","false","true","true","false","false","Oui, plutôt","Manque de confiance envers les politiques, Manque de représentativité","true","true","false","false","false","false","false","Se sentir mieux représenté·es, Avoir plus confiance dans les candidat·es","false","false","true","true","false","Oui","Oui","17","Femme","Brevet des collèges","Lycéen·ne","62 - Pas-de-Calais"
"1WMaOYM","68PYQ5e","2026-06-24 09:01:03","Droits humains, Lutte contre le racisme et la xénophobie, Justice sociale","Justice sociale, Lutte contre le racisme et la xénophobie","Non, pas vraiment","Non, pas du tout","Les responsables politiques, Les associations, Les citoyen·nes","Oui, intégralement","Non, pas vraiment","Non, pas vraiment","Important","Oui, tout à fait","Non, pas vraiment","Ses propositions concrètes","Humain","Gauche","Aux médias traditionnels (télévision, radio, journaux, magazines et affichage)","Médias (TV, radio, presse), Réseaux sociaux","true","true","false","false","false","false","false","Oui","Manifester dans la rue, Voter","false","false","false","false","false","true","true","false","Oui, tout à fait","Difficulté à comprendre les enjeux, Manque de confiance envers les politiques","true","false","false","false","false","true","false","Se sentir concerné·e par les enjeux, Avoir plus confiance dans les candidat·es","false","true","true","false","false","Oui","Oui","20","Homme","Bac+2 ou diplôme de niveau équivalent","Étudiant·e","33 - Gironde"
"X5Ebg7j","WOq6eoQ","2026-06-24 09:05:28","Droits des femmes, Justice climatique et protection de l’environnement (biodiversité, réduction des déchets), Droits des personnes LGBTQIA+","Handicap et lutte contre le validisme, Justice sociale","Non, pas vraiment","Non, pas vraiment","Les responsables politiques, Les associations, Les citoyen·nes","Oui, intégralement","Oui, plutôt","Non, pas vraiment","Important","Oui, tout à fait","Non, pas vraiment","Ses propositions concrètes","À l’écoute","Centre-gauche","Aux médias traditionnels (télévision, radio, journaux, magazines et affichage)","Médias (TV, radio, presse), Internet (sites d’information)","false","true","true","false","false","false","false","Oui","Rejoindre une association, Manifester dans la rue","false","false","false","false","true","true","false","false","Oui, plutôt","Manque de confiance envers les politiques, Manque d’accès à l’information","true","false","true","false","false","false","false","Se sentir mieux représenté·es, Se sentir concerné·e par les enjeux","false","true","false","true","false","Non","","17","Femme","Brevet des collèges","Lycéen·ne","92 - Hauts-de-Seine"
"YjrAXVz","dWzoK4V","2026-06-24 09:23:12","Accès à la culture, Droits des femmes, Droits humains","Économie, Droits humains","Non, pas vraiment","Non, pas du tout","Les responsables politiques, Les associations, Les citoyen·nes","Oui, intégralement","Non, pas vraiment","Non, pas du tout","Très important","Non, pas vraiment","Non, pas du tout","Ses propositions concrètes","utile","Extrême-gauche","Aux réseaux sociaux","Réseaux sociaux, Milieu scolaire / réseau étudiant","true","false","false","false","true","false","false","Oui","Voter, Participer à un projet artistique","false","false","false","true","false","false","true","false","Oui, tout à fait","Manque d’accès à l’information, Difficulté à comprendre les enjeux","false","false","true","false","false","true","false","Se sentir concerné·e par les enjeux, Mieux comprendre les programmes","true","true","false","false","false","Oui","Oui","17","Femme","Brevet des collèges","Lycéen·ne","71 - Saône-et-Loire"
"Z9lBM1o","68PYVZo","2026-06-24 09:58:20","Économie, Logement, Santé (prévention)","Économie, Santé (prévention)","Non, pas vraiment","Non, pas vraiment","Les citoyen·nes, Les associations, Les responsables politiques","Oui, intégralement","Non, pas du tout","Non, pas du tout","Très important","Oui, tout à fait","Non, pas vraiment","Son expérience","Pragmatique ","Droite","Aux sites internet","Internet (sites d’information), Réseaux sociaux","true","false","true","false","false","false","false","Oui","Participer à des ateliers, débats","true","false","false","false","false","false","false","false","Non, pas vraiment","Manque de représentativité, Manque de confiance envers les politiques","true","true","false","false","false","false","false","Se sentir mieux représenté·es, Avoir plus confiance dans les candidat·es","false","false","true","true","false","Oui","Oui","21","Femme","Bac+3 ou +4, ou diplôme de niveau équivalent","Étudiant·e","74 - Haute-Savoie"
"KpLjXeA","b5zMAAe","2026-06-24 10:01:34","Accès à la culture, Droits humains, Justice sociale","Justice sociale, Lutte contre le racisme et la xénophobie","Non, pas vraiment","Non, pas du tout","Les responsables politiques, Les associations, Les citoyen·nes","Oui, intégralement","Oui, plutôt","Non, pas vraiment","Très important","Oui, tout à fait","Non, pas vraiment","Ses propositions concrètes","Fidèle à ses valeurs","Gauche","Aux réseaux sociaux","Réseaux sociaux, Structures jeunesse (missions locales, associations…)","true","false","false","false","false","true","false","Non","Voter, Signer, lancer ou relayer des pétitions","false","true","false","false","false","false","true","false","Oui, tout à fait","Manque de confiance envers les politiques, Difficulté à comprendre les enjeux","true","false","false","false","false","true","false","Mieux comprendre les programmes, Se sentir concerné·e par les enjeux","true","true","false","false","false","Oui","Oui","24","Homme","Bac+5, ou diplôme de niveau équivalent","En emploi","90 - Territoire de Belfort"
"aO0Le6q","jazrXgJ","2026-06-24 10:48:42","Droits humains, Lutte contre la désinformation, Justice climatique et protection de l’environnement (biodiversité, réduction des déchets)","Lutte contre le racisme et la xénophobie, Lutte contre les violences policières","Non, pas vraiment","Non, pas du tout","Les responsables politiques, Les associations, Les citoyen·nes","Oui, intégralement","Non, pas vraiment","Non, pas vraiment","Important","Oui, plutôt","Non, pas du tout","Ses propositions concrètes","militant·e","Extrême-gauche","Aux réseaux sociaux","Réseaux sociaux, Entourage (ami·es, famille)","true","false","false","true","false","false","false","Oui","Manifester dans la rue, Participer à des ateliers, débats","true","false","false","false","false","true","false","false","Je ne sais pas","Manque de confiance envers les politiques, Manque de représentativité","true","true","false","false","false","false","false","Avoir plus confiance dans les candidat·es, Se sentir mieux représenté·es","false","false","true","true","false","Oui","Oui","23","Non binaire","Bac+5, ou diplôme de niveau équivalent","Étudiant·e","75 - Paris"
"1WMeVqL","BzeYJgN","2026-06-24 11:11:43","Droits des personnes LGBTQIA+, Justice climatique et protection de l’environnement (biodiversité, réduction des déchets), Éducation (orientation, égalité des chances)","Justice climatique et protection de l’environnement (biodiversité, réduction des déchets), Politique étrangère","Non, pas vraiment","Non, pas du tout","Les associations, Les responsables politiques, Les citoyen·nes","En partie","Oui, plutôt","Non, pas vraiment","Peu important","Oui, plutôt","Oui, plutôt","Ses propositions concrètes","Woke","Gauche","Aux réseaux sociaux","Internet (sites d’information), Réseaux sociaux","true","false","true","false","false","false","false","Non","Rejoindre une association, Manifester dans la rue","false","false","false","false","true","true","false","false","Oui, plutôt","Manque de représentativité, Manque d’accès à l’information","false","true","true","false","false","false","false","Se sentir mieux représenté·es, Mieux comprendre les programmes","true","false","false","true","false","Oui","Oui","20","Homme","Bac+2 ou diplôme de niveau équivalent","Étudiant·e","49 - Maine-et-Loire"
"jeLR97R","5BVYRlP","2026-06-24 11:48:13","Accès à la culture, Droits des femmes, Justice sociale","Éducation (orientation, égalité des chances), Justice sociale","Non, pas vraiment","Non, pas vraiment","Les responsables politiques, Les associations, Les citoyen·nes","En partie","Non, pas du tout","Non, pas vraiment","Très important","Oui, plutôt","Oui, plutôt","Son appartenance politique, son parti","éthique","Je préfère ne pas répondre","Aux médias traditionnels (télévision, radio, journaux, magazines et affichage)","Réseaux sociaux, Entourage (ami·es, famille)","true","false","false","true","false","false","false","Oui","Voter, Rejoindre une association","false","false","false","false","true","false","true","false","Oui, tout à fait","Manque de confiance envers les politiques, Manque d’accès à l’information","true","false","true","false","false","false","false","Se sentir concerné·e par les enjeux, Se sentir mieux représenté·es","false","true","false","true","false","Oui","Oui","20","Femme","Bac+3 ou +4, ou diplôme de niveau équivalent","Étudiant·e","42 - Loire"
"5XL7eQN","KYG47Mk","2026-06-24 12:06:55","Accès à la culture, Droits humains, Lutte contre le racisme et la xénophobie","Économie, Justice climatique et protection de l’environnement (biodiversité, réduction des déchets)","Non, pas vraiment","Non, pas du tout","Les citoyen·nes, Les associations, Les responsables politiques","Oui, intégralement","Oui, plutôt","Non, pas du tout","Très important","Oui, tout à fait","Non, pas du tout","Ses propositions concrètes","Honnête","Gauche","Aux médias traditionnels (télévision, radio, journaux, magazines et affichage)","Réseaux sociaux, Médias (TV, radio, presse)","true","true","false","false","false","false","false","Oui","Manifester dans la rue, Voter","false","false","false","false","false","true","true","false","Oui, tout à fait","Manque de représentativité, Manque de confiance envers les politiques","true","true","false","false","false","false","false","Mieux comprendre les programmes, Se sentir concerné·e par les enjeux","true","true","false","false","false","Oui","Oui","19","Homme","Bac+2 ou diplôme de niveau équivalent","Étudiant·e","03 - Allier"
"kb5o126","VLN7jD6","2026-06-24 12:42:51","Droits humains, Justice sociale, Justice climatique et protection de l’environnement (biodiversité, réduction des déchets)","Justice climatique et protection de l’environnement (biodiversité, réduction des déchets), Justice sociale","Je ne sais pas","Non, pas vraiment","Les responsables politiques, Les associations, Les citoyen·nes","En partie","Non, pas vraiment","Non, pas vraiment","Important","Oui, plutôt","Non, pas vraiment","Son appartenance politique, son parti","","Extrême-gauche","Aux réseaux sociaux","Réseaux sociaux, Internet (sites d’information)","true","false","true","false","false","false","false","Oui","Signer, lancer ou relayer des pétitions, Manifester dans la rue","false","true","false","false","false","true","false","false","Oui, plutôt","Manque d’intérêt, Difficulté à comprendre les enjeux","false","false","false","true","false","true","false","Se sentir concerné·e par les enjeux, Se sentir mieux représenté·es","false","true","false","true","false","Oui","Oui","23","Femme","Baccalauréat général, technologique, professionnel","Sans emploi","33 - Gironde"
"J1LQLbo","QK49k2p","2026-06-24 14:35:03","Accès à la culture, Droits humains, Lutte contre la désinformation","Lutte contre le racisme et la xénophobie, Éducation (orientation, égalité des chances)","Non, pas vraiment","Non, pas du tout","Les citoyen·nes, Les responsables politiques, Les associations","En partie","Non, pas vraiment","Non, pas vraiment","Pas du tout important","Oui, tout à fait","Non, pas vraiment","Ses propositions concrètes","Juste","Extrême-gauche","Aux sites internet","Internet (sites d’information), Médias (TV, radio, presse)","false","true","true","false","false","false","false","Oui","Participer à des ateliers, débats, Manifester dans la rue","true","false","false","false","false","true","false","false","Oui, plutôt","Manque d’intérêt, Manque de confiance envers les politiques","true","false","false","true","false","false","false","Se sentir concerné·e par les enjeux, Avoir plus confiance dans les candidat·es","false","true","true","false","false","Oui","Oui","18","Homme","Baccalauréat général, technologique, professionnel","Lycéen·ne","84 - Vaucluse"
"bZLo2PE","Y59Bq2q","2026-06-24 14:51:14","Droits des femmes, Lutte contre la désinformation, Lutte contre le racisme et la xénophobie","Droits humains, Alimentation durable","Je ne sais pas","Non, pas vraiment","Les citoyen·nes, Les associations, Les responsables politiques","En partie","Oui, plutôt","Non, pas vraiment","Très important","Oui, plutôt","Non, pas du tout","Ses propositions concrètes","Le président idéal doit être: inclusif, conscient des enjeux sociétaux et doit faire preuve d'empathie plus que quiconque ","Gauche","Aux réseaux sociaux","Réseaux sociaux","true","false","false","false","false","false","false","Non","Participer à des ateliers, débats, Voter","true","false","false","false","false","false","true","false","Oui, tout à fait","Manque de représentativité, Manque de temps","false","true","false","false","true","false","false","Mieux comprendre les programmes, Se sentir mieux représenté·es","true","false","false","true","false","Oui","Oui","23","Homme","Bac+5, ou diplôme de niveau équivalent","Alternant","84 - Vaucluse"
"xV2A4vG","7RE0j8A","2026-06-24 14:57:31","Lutte contre les discriminations religieuses, Droits des femmes, Droits des personnes LGBTQIA+","Droits des femmes, Lutte contre les discriminations religieuses","Non, pas du tout","Non, pas vraiment","Les responsables politiques, Les citoyen·nes, Les associations","Oui, intégralement","Non, pas du tout","Non, pas vraiment","Très important","Oui, tout à fait","Non, pas du tout","Ses propositions concrètes","Fiable","Gauche","Aux médias traditionnels (télévision, radio, journaux, magazines et affichage)","Médias (TV, radio, presse), Réseaux sociaux","true","true","false","false","false","false","false","Oui","Rejoindre une association, Créer du contenu (vidéo, réseaux sociaux)","false","false","true","false","true","false","false","false","Oui, tout à fait","Manque de confiance envers les politiques, Manque de représentativité","true","true","false","false","false","false","false","Avoir plus confiance dans les candidat·es, Se sentir mieux représenté·es","false","false","true","true","false","Non","","16","Femme","Baccalauréat général, technologique, professionnel","Lycéen·ne","93 - Seine-Saint-Denis"
"X5Ep7WL","eqzOWqE","2026-06-24 15:43:21","Accès à la culture, Droits humains, Justice climatique et protection de l’environnement (biodiversité, réduction des déchets)","Droits humains, Économie","Oui, plutôt","Non, pas du tout","Les responsables politiques, Les associations, Les citoyen·nes","En partie","Non, pas vraiment","Non, pas du tout","Très important","Oui, tout à fait","Non, pas vraiment","Son appartenance politique, son parti","Engagé(e)","Gauche","Aux médias traditionnels (télévision, radio, journaux, magazines et affichage)","Entourage (ami·es, famille), Internet (sites d’information)","false","false","true","true","false","false","false","Oui","Signer, lancer ou relayer des pétitions, Manifester dans la rue","false","true","false","false","false","true","false","false","Oui, tout à fait","Manque d’accès à l’information, Difficulté à comprendre les enjeux","false","false","true","false","false","true","false","Se sentir concerné·e par les enjeux, Se sentir mieux représenté·es","false","true","false","true","false","Oui","Oui","18","Femme","Brevet des collèges","Lycéen·ne","03 - Allier"
"6DRqegB","BzeJEqK","2026-06-24 16:52:18","Justice climatique et protection de l’environnement (biodiversité, réduction des déchets), Droits humains, Justice sociale","Justice climatique et protection de l’environnement (biodiversité, réduction des déchets), Justice sociale","Non, pas vraiment","Non, pas du tout","Les associations, Les citoyen·nes, Les responsables politiques","En partie","Non, pas vraiment","Non, pas du tout","Peu important","Oui, tout à fait","Non, pas vraiment","Ses propositions concrètes","","Je préfère ne pas répondre","Aux réseaux sociaux","Réseaux sociaux, Médias (TV, radio, presse)","true","true","false","false","false","false","false","Oui","Créer du contenu (vidéo, réseaux sociaux), Rejoindre une association","false","false","true","false","true","false","false","false","Oui, tout à fait","Manque de confiance envers les politiques, Manque de représentativité","true","true","false","false","false","false","false","Se sentir mieux représenté·es, Se sentir concerné·e par les enjeux","false","true","false","true","false","Oui","Oui","17","Je préfère ne pas répondre","Baccalauréat général, technologique, professionnel","Étudiant·e","33 - Gironde"
"4aLZx1k","vGz8eZ8","2026-06-24 17:12:28","Droits humains, Droits des animaux, Justice climatique et protection de l’environnement (biodiversité, réduction des déchets)","Lutte contre le racisme et la xénophobie, Justice climatique et protection de l’environnement (biodiversité, réduction des déchets)","Non, pas vraiment","Non, pas du tout","Les responsables politiques, Les associations, Les citoyen·nes","Oui, intégralement","Non, pas du tout","Non, pas vraiment","Très important","Oui, tout à fait","Oui, plutôt","Ses propositions concrètes","Humaniste ","Extrême-gauche","Aux réseaux sociaux","Internet (sites d’information), Réseaux sociaux","true","false","true","false","false","false","false","Oui","Rejoindre une association, Manifester dans la rue","false","false","false","false","true","true","false","false","Oui, tout à fait","Manque de représentativité, Manque de confiance envers les politiques","true","true","false","false","false","false","false","Se sentir mieux représenté·es, Avoir plus confiance dans les candidat·es","false","false","true","true","false","Oui","Oui","19","Femme","Baccalauréat général, technologique, professionnel","Étudiant·e","31 - Haute-Garonne"
"rDVX26L","eqzgApE","2026-06-24 17:59:32","Économie, Justice climatique et protection de l’environnement (biodiversité, réduction des déchets), Droits des animaux","Handicap et lutte contre le validisme, Justice climatique et protection de l’environnement (biodiversité, réduction des déchets)","Oui, plutôt","Oui, plutôt","Les associations, Les citoyen·nes, Les responsables politiques","Non","Non, pas vraiment","Je ne sais pas","Important","Oui, plutôt","Non, pas vraiment","Ses propositions concrètes","?","Centre-droite","Aux réseaux sociaux","Réseaux sociaux, Structures jeunesse (missions locales, associations…)","true","false","false","false","false","true","false","Non","Participer à des ateliers, débats, Participer à un projet artistique","true","false","false","true","false","false","false","false","Je ne sais pas","Manque de confiance envers les politiques, Manque d’intérêt","true","false","false","true","false","false","false","Avoir plus confiance dans les candidat·es, Mieux comprendre les programmes","true","false","true","false","false","Oui","Non","17","Homme","Baccalauréat général, technologique, professionnel","Lycéen·ne","75 - Paris"
"yXxOVdd","D4aRyDR","2026-06-24 19:52:03","Justice sociale, Politique étrangère, Droits des femmes","Justice climatique et protection de l’environnement (biodiversité, réduction des déchets), Économie","Non, pas vraiment","Oui, plutôt","Les associations, Les citoyen·nes, Les responsables politiques","En partie","Oui, plutôt","Non, pas vraiment","Très important","Oui, tout à fait","Non, pas du tout","Ses propositions concrètes","Juste et transparent ","Centre-gauche","Aux réseaux sociaux","Médias (TV, radio, presse), Milieu scolaire / réseau étudiant","false","true","false","false","true","false","false","Oui","Rejoindre une association, Participer à des ateliers, débats","true","false","false","false","true","false","false","false","Oui, tout à fait","Manque de représentativité, Manque d’accès à l’information","false","true","true","false","false","false","false","Mieux comprendre les programmes, Se sentir concerné·e par les enjeux","true","true","false","false","false","Oui","Oui","18","Femme","Bac+2 ou diplôme de niveau équivalent","Étudiant·e","35 - Ille-et-Vilaine"
"M1LBaXl","QK4NNrk","2026-06-24 20:38:12","Droits humains, Justice sociale, Santé mentale (stress, anxiété, dépression)","Éducation (orientation, égalité des chances), Économie","Oui, plutôt","Oui, plutôt","Les responsables politiques, Les citoyen·nes, Les associations","Oui, intégralement","Non, pas vraiment","Non, pas vraiment","Important","Oui, plutôt","Non, pas vraiment","Ses propositions concrètes","Équitable","Centre-gauche","Aux réseaux sociaux","Entourage (ami·es, famille), Réseaux sociaux","true","false","false","true","false","false","false","Non","Voter, Signer, lancer ou relayer des pétitions","false","true","false","false","false","false","true","false","Oui, plutôt","Manque de confiance envers les politiques, Manque de représentativité","true","true","false","false","false","false","false","Avoir plus confiance dans les candidat·es, Se sentir mieux représenté·es","false","false","true","true","false","Oui","Oui","17","Homme","Brevet des collèges","Lycéen·ne","92 - Hauts-de-Seine"
"NqLkMzO","D4a62bE","2026-06-24 22:13:03","Justice climatique et protection de l’environnement (biodiversité, réduction des déchets), Justice sociale","Justice climatique et protection de l’environnement (biodiversité, réduction des déchets), Justice sociale","Non, pas du tout","Non, pas du tout","Les responsables politiques, Les citoyen·nes, Les associations","Oui, intégralement","Non, pas du tout","Non, pas vraiment","Important","Oui, tout à fait","Non, pas du tout","Ses propositions concrètes","Intègre","Gauche","Aux médias traditionnels (télévision, radio, journaux, magazines et affichage)","Médias (TV, radio, presse), Internet (sites d’information)","false","true","true","false","false","false","false","Oui","Rejoindre une association, Participer à un projet artistique","false","false","false","true","true","false","false","false","Oui, tout à fait","Manque de confiance envers les politiques, Manque de représentativité","true","true","false","false","false","false","false","Avoir plus confiance dans les candidat·es, Se sentir mieux représenté·es","false","false","true","true","false","Oui","Oui","19","Femme","Baccalauréat général, technologique, professionnel","En emploi","75 - Paris"
"WJPx91P","aQzqDgb","2026-06-25 01:26:31","Justice climatique et protection de l’environnement (biodiversité, réduction des déchets), Lutte contre le racisme et la xénophobie, Justice sociale","Justice climatique et protection de l’environnement (biodiversité, réduction des déchets), Justice sociale","Non, pas vraiment","Non, pas du tout","Les responsables politiques, Les associations, Les citoyen·nes","Oui, intégralement","Oui, plutôt","Non, pas vraiment","Important","Non, pas vraiment","Non, pas vraiment","Ses propositions concrètes","Engagé","Gauche","Aux réseaux sociaux","Réseaux sociaux, Médias (TV, radio, presse)","true","true","false","false","false","false","false","Non","Rejoindre une association, Participer à des ateliers, débats","true","false","false","false","true","false","false","false","Oui, plutôt","Manque de confiance envers les politiques, Manque de représentativité","true","true","false","false","false","false","false","Mieux comprendre les programmes, Se sentir mieux représenté·es","true","false","false","true","false","Non","","16","Homme","Baccalauréat général, technologique, professionnel","Lycéen·ne","72 - Sarthe"
"o9oXVBO","QK4lXG1","2026-06-25 03:40:50","Justice sociale, Justice climatique et protection de l’environnement (biodiversité, réduction des déchets), Emploi","Lutte contre les violences policières, Justice sociale","Non, pas vraiment","Non, pas du tout","Les citoyen·nes, Les responsables politiques, Les associations","En partie","Non, pas vraiment","Non, pas du tout","Important","Oui, tout à fait","Non, pas vraiment","Ses propositions concrètes","Pragmatique","Extrême-gauche","Aux réseaux sociaux","Internet (sites d’information), Médias (TV, radio, presse)","false","true","true","false","false","false","false","Oui","Rejoindre une association, Manifester dans la rue","false","false","false","false","true","true","false","false","Non, pas vraiment","Manque de confiance envers les politiques, Manque d’accès à l’information","true","false","true","false","false","false","false","Se sentir concerné·e par les enjeux, Se sentir mieux représenté·es","false","true","false","true","false","Oui","Oui","17","Je préfère ne pas répondre","Brevet des collèges","Lycéen·ne","92 - Hauts-de-Seine"
"yXxV88d","pbzpg5V","2026-06-25 05:47:46","Droits des personnes LGBTQIA+, Lutte contre le racisme et la xénophobie, Lutte contre les violences policières","Logement, Justice sociale","Non, pas vraiment","Non, pas du tout","Les citoyen·nes, Les responsables politiques, Les associations","Oui, intégralement","Non, pas vraiment","Non, pas vraiment","Important","Oui, plutôt","Non, pas vraiment","Son appartenance politique, son parti","révolutionnaire ","Extrême-gauche","Aux médias traditionnels (télévision, radio, journaux, magazines et affichage)","Médias (TV, radio, presse), Réseaux sociaux","true","true","false","false","false","false","false","Oui","Manifester dans la rue, Rejoindre une association","false","false","false","false","true","true","false","false","Oui, plutôt","Manque d’accès à l’information, Manque d’intérêt","false","false","true","true","false","false","false","Se sentir concerné·e par les enjeux, Mieux comprendre les programmes","true","true","false","false","false","Oui","Oui","17","Femme","Baccalauréat général, technologique, professionnel","Lycéen·ne","2A - Corse-du-Sud"
"4aLg4Lb","0QkWVoZ","2026-06-25 06:53:52","Droits des femmes, Lutte contre le racisme et la xénophobie, Éducation (orientation, égalité des chances)","Justice climatique et protection de l’environnement (biodiversité, réduction des déchets), Lutte contre le racisme et la xénophobie","Non, pas vraiment","Non, pas du tout","Les citoyen·nes, Les responsables politiques, Les associations","Oui, intégralement","Non, pas vraiment","Non, pas du tout","Très important","Oui, plutôt","Non, pas du tout","Ses propositions concrètes","Honnête","Extrême-gauche","Aux réseaux sociaux","Milieu scolaire / réseau étudiant, Réseaux sociaux","true","false","false","false","true","false","false","Oui","Rejoindre un collectif pour lutter au-delà de ce qui est autorisé et cadré par l’État, Signer, lancer ou relayer des pétitions","false","true","false","false","false","false","false","true","Oui, plutôt","Manque de confiance envers les politiques, Manque de temps","true","false","false","false","true","false","false","Se sentir mieux représenté·es, Avoir plus confiance dans les candidat·es","false","false","true","true","false","Oui","Oui","23","Femme","Bac+5, ou diplôme de niveau équivalent","Étudiant·e","13 - Bouches-du-Rhône"
"J1DKqG4","xXzqPGo","2026-06-25 14:05:50","Santé mentale (stress, anxiété, dépression), Lutte contre les discriminations religieuses, Droits des femmes","Santé mentale (stress, anxiété, dépression), Lutte contre les discriminations religieuses","Non, pas vraiment","Non, pas vraiment","Les responsables politiques, Les citoyen·nes, Les associations","En partie","Non, pas vraiment","Oui, plutôt","Important","Oui, plutôt","Oui, plutôt","Ses propositions concrètes","","Droite","Aux réseaux sociaux","Réseaux sociaux, Internet (sites d’information)","true","false","true","false","false","false","false","Non","Voter, Signer, lancer ou relayer des pétitions","false","true","false","false","false","false","true","false","Oui, plutôt","Manque d’intérêt, Difficulté à comprendre les enjeux","false","false","false","true","false","true","false","Se sentir mieux représenté·es, Mieux comprendre les programmes","true","false","false","true","false","Non","","15","Femme","Brevet des collèges","Lycéen·ne","95 - Val-d'Oise"
"yXvN074","WOqyD5P","2026-06-26 07:52:21","Droits des femmes, Droits des animaux, Justice climatique et protection de l’environnement (biodiversité, réduction des déchets)","Justice climatique et protection de l’environnement (biodiversité, réduction des déchets), Santé (prévention)","Non, pas vraiment","Non, pas du tout","Les responsables politiques, Les associations, Les citoyen·nes","Non","Oui, plutôt","Non, pas vraiment","Très important","Oui, plutôt","Non, pas vraiment","Ses propositions concrètes","Humain","Gauche","Aux médias traditionnels (télévision, radio, journaux, magazines et affichage)","Réseaux sociaux, Entourage (ami·es, famille)","true","false","false","true","false","false","false","Oui","Rejoindre une association","false","false","false","false","true","false","false","false","Oui, tout à fait","Manque d’intérêt, Manque de confiance envers les politiques","true","false","false","true","false","false","false","Se sentir mieux représenté·es, Avoir plus confiance dans les candidat·es","false","false","true","true","false","Non","","16","Femme","Brevet des collèges","Lycéen·ne","78 - Yvelines"
"laWOqb6","rjYzv05","2026-06-26 14:03:39","Économie, Emploi, Protection des données et de la vie privée (numérique)","Économie, Emploi","Non, pas du tout","Non, pas vraiment","Les associations, Les citoyen·nes, Les responsables politiques","En partie","Non, pas du tout","Non, pas du tout","Important","Oui, tout à fait","Non, pas du tout","Ses propositions concrètes","Un ancien entrepreneur qui connaît les réalités économiques","libéral","Aux réseaux sociaux","Réseaux sociaux, Internet (sites d’information)","true","false","true","false","false","false","false","Oui","Créer du contenu (vidéo, réseaux sociaux), Rejoindre une association","false","false","true","false","true","false","false","false","Non, pas vraiment","Manque de confiance envers les politiques, Manque de représentativité","true","true","false","false","false","false","false","Se sentir mieux représenté·es, Avoir plus confiance dans les candidat·es","false","false","true","true","false","Oui","Je ne sais pas","22","Homme","Bac+3 ou +4, ou diplôme de niveau équivalent","En emploi","95 - Val-d'Oise"
"M1YagO0","ODEORlR","2026-06-26 15:53:36","Droits des animaux, Éducation (orientation, égalité des chances), Lutte contre le racisme et la xénophobie","Éducation (orientation, égalité des chances), Lutte contre les violences policières","Je ne sais pas","Je ne sais pas","Les responsables politiques, Les associations, Les citoyen·nes","En partie","Non, pas du tout","Non, pas vraiment","Très important","Oui, plutôt","Non, pas du tout","Ses propositions concrètes","Moi","Aucun","Aux sites internet","Réseaux sociaux, Internet (sites d’information)","true","false","true","false","false","false","false","Non","Participer à des ateliers, débats, Participer à un projet artistique","true","false","false","true","false","false","false","false","Oui, tout à fait","Manque de confiance envers les politiques, Manque de représentativité","true","true","false","false","false","false","false","Se sentir concerné·e par les enjeux, Se sentir mieux représenté·es","false","true","false","true","false","Oui","Non","19","Homme","Baccalauréat général, technologique, professionnel","Étudiant·e","75 - Paris"
"rDLogQR","yP1W1Gg","2026-06-26 20:02:13","Lutte contre les discriminations religieuses, Accès à la culture, Logement","Emploi, Justice climatique et protection de l’environnement (biodiversité, réduction des déchets)","Non, pas vraiment","Non, pas vraiment","Les responsables politiques, Les citoyen·nes, Les associations","En partie","Oui, plutôt","Je ne sais pas","Important","Non, pas vraiment","Non, pas du tout","Ses propositions concrètes","Honnête ","Gauche","Aux réseaux sociaux","Réseaux sociaux, Médias (TV, radio, presse)","true","true","false","false","false","false","false","Oui","Rejoindre une association, Participer à des ateliers, débats","true","false","false","false","true","false","false","false","Oui, tout à fait","Manque d’accès à l’information, Difficulté à comprendre les enjeux","false","false","true","false","false","true","false","Mieux comprendre les programmes, Se sentir mieux représenté·es","true","false","false","true","false","Oui","Oui","22","Femme","Bac+3 ou +4, ou diplôme de niveau équivalent","Étudiant·e","94 - Val-de-Marne"
"e52ayX0","Ek646rX","2026-06-26 20:02:45","Lutte contre la désinformation, Justice sociale, Logement","Éducation (orientation, égalité des chances), Recherche","Non, pas vraiment","Non, pas vraiment","Les responsables politiques, Les associations, Les citoyen·nes","En partie","Non, pas vraiment","Je ne sais pas","Important","Oui, plutôt","Non, pas vraiment","Ses propositions concrètes","Pragmatique ","Je préfère ne pas répondre","Aux médias traditionnels (télévision, radio, journaux, magazines et affichage)","Médias (TV, radio, presse), Réseaux sociaux","true","true","false","false","false","false","false","Non","Créer du contenu (vidéo, réseaux sociaux)","false","false","true","false","false","false","false","false","Oui, tout à fait","Manque de temps, Manque d’accès à l’information","false","false","true","false","true","false","false","Mieux comprendre les programmes","true","false","false","false","false","Oui","Oui","22","Homme","Bac+3 ou +4, ou diplôme de niveau équivalent","Étudiant·e","75 - Paris"
"zEJ7gVq","MeV9V2X","2026-06-26 20:03:07","Droits humains, Justice sociale, Éducation (orientation, égalité des chances)","Droits humains, Éducation (orientation, égalité des chances)","Non, pas vraiment","Non, pas vraiment","Les associations, Les citoyen·nes, Les responsables politiques","En partie","Oui, tout à fait","Non, pas vraiment","Important","Non, pas du tout","Non, pas vraiment","Ses propositions concrètes","Honnête ","Gauche","Aux réseaux sociaux","Réseaux sociaux, Médias (TV, radio, presse)","true","true","false","false","false","false","false","Oui","Participer à des ateliers, débats, Rejoindre une association","true","false","false","false","true","false","false","false","Oui, plutôt","Manque d’intérêt, Difficulté à comprendre les enjeux","false","false","false","true","false","true","false","Mieux comprendre les programmes, Se sentir concerné·e par les enjeux","true","true","false","false","false","Oui","Oui","22","Femme","Bac+3 ou +4, ou diplôme de niveau équivalent","Étudiant·e","94 - Val-de-Marne"
"OQY7rv8","BzePeYN","2026-06-26 20:03:19","Éducation (orientation, égalité des chances), Logement, Justice sociale","Justice climatique et protection de l’environnement (biodiversité, réduction des déchets), Logement","Non, pas vraiment","Non, pas vraiment","Les responsables politiques, Les associations, Les citoyen·nes","En partie","Non, pas vraiment","Non, pas vraiment","Important","Oui, tout à fait","Non, pas du tout","Ses propositions concrètes","À l’écoute du peuple","Gauche","Aux réseaux sociaux","Réseaux sociaux, Médias (TV, radio, presse)","true","true","false","false","false","false","false","Non","Voter, Rejoindre une association","false","false","false","false","true","false","true","false","Oui, tout à fait","Manque de confiance envers les politiques, Manque d’intérêt","true","false","false","true","false","false","false","Se sentir concerné·e par les enjeux, Mieux comprendre les programmes","true","true","false","false","false","Oui","Oui","24","Femme","Bac+5, ou diplôme de niveau équivalent","En emploi","75 - Paris"
"peWD5lV","b5z0z1e","2026-06-26 20:03:34","Politique étrangère, Éducation (orientation, égalité des chances), Protection des données et de la vie privée (numérique)","Politique étrangère, Éducation (orientation, égalité des chances)","Non, pas vraiment","Non, pas du tout","Les responsables politiques, Les associations, Les citoyen·nes","Oui, intégralement","Non, pas vraiment","Non, pas vraiment","Important","Oui, tout à fait","Non, pas du tout","Son appartenance politique, son parti","Intègre","Gauche","Aux réseaux sociaux","Réseaux sociaux, Médias (TV, radio, presse)","true","true","false","false","false","false","false","Oui","Participer à des ateliers, débats, Créer du contenu (vidéo, réseaux sociaux)","true","false","true","false","false","false","false","false","Je ne sais pas","Manque de représentativité, Manque de confiance envers les politiques","true","true","false","false","false","false","false","Se sentir mieux représenté·es, Se sentir concerné·e par les enjeux","false","true","false","true","false","Oui","Oui","24","Homme","Bac+5, ou diplôme de niveau équivalent","Étudiant·e","92 - Hauts-de-Seine"
"EqDxgkL","vGzQz9d","2026-06-26 20:04:01","Lutte contre le racisme et la xénophobie, Droits des femmes, Éducation (orientation, égalité des chances)","Lutte contre le racisme et la xénophobie, Éducation (orientation, égalité des chances)","Non, pas du tout","Non, pas du tout","Les associations, Les citoyen·nes, Les responsables politiques","Oui, intégralement","Non, pas du tout","Non, pas du tout","Très important","Oui, tout à fait","Non, pas du tout","Son appartenance politique, son parti","Noir","Je préfère ne pas répondre","Aux réseaux sociaux","Réseaux sociaux, Je ne m’informe pas sur ce sujet","true","false","false","false","false","false","true","Oui","Rejoindre une association, Participer à des ateliers, débats","true","false","false","false","true","false","false","false","Oui, tout à fait","Manque de confiance envers les politiques, Manque de représentativité","true","true","false","false","false","false","false","Avoir plus confiance dans les candidat·es, Se sentir mieux représenté·es","false","false","true","true","false","Oui","Oui","24","Femme","Bac+5, ou diplôme de niveau équivalent","En emploi","93 - Seine-Saint-Denis"
"NqY7gpb","1AR1RaO","2026-06-26 20:04:02","Justice sociale, Protection des données et de la vie privée (numérique), Droits humains","Justice sociale, Logement","Oui, plutôt","Non, pas du tout","Les citoyen·nes, Les responsables politiques, Les associations","En partie","Non, pas vraiment","Non, pas vraiment","Très important","Oui, tout à fait","Non, pas du tout","Ses propositions concrètes","Rassembleur ","Extrême-gauche","Aux réseaux sociaux","Réseaux sociaux, Médias (TV, radio, presse)","true","true","false","false","false","false","false","Oui","Voter, Signer, lancer ou relayer des pétitions","false","true","false","false","false","false","true","false","Oui, plutôt","Manque de confiance envers les politiques, Difficulté à comprendre les enjeux","true","false","false","false","false","true","false","Se sentir mieux représenté·es, Avoir plus confiance dans les candidat·es","false","false","true","true","false","Oui","Oui","23","Homme","Bac+8 et plus, doctorat","En emploi","93 - Seine-Saint-Denis"
"8N8ZWak","lbzPzp6","2026-06-26 20:04:37","Justice sociale, Lutte contre la désinformation, Éducation (orientation, égalité des chances)","Justice climatique et protection de l’environnement (biodiversité, réduction des déchets), Économie","Non, pas vraiment","Non, pas du tout","Les responsables politiques, Les associations, Les citoyen·nes","En partie","Oui, plutôt","Non, pas vraiment","Très important","Oui, plutôt","Non, pas vraiment","Ses propositions concrètes","À l'écoute et concret","Gauche","Aux réseaux sociaux","Réseaux sociaux, Médias (TV, radio, presse)","true","true","false","false","false","false","false","Oui","Rejoindre une association, Participer à des ateliers, débats","true","false","false","false","true","false","false","false","Oui, plutôt","Manque d’accès à l’information, Manque de représentativité","false","true","true","false","false","false","false","Mieux comprendre les programmes, Se sentir concerné·e par les enjeux","true","true","false","false","false","Oui","Oui","24","Homme","Bac+5, ou diplôme de niveau équivalent","Sans emploi","75 - Paris"
"YjY4g0z","VLNkNrl","2026-06-26 20:04:39","Droits humains, Économie, Éducation (orientation, égalité des chances)","Droits humains, Éducation (orientation, égalité des chances)","Non, pas vraiment","Non, pas vraiment","Les citoyen·nes, Les associations, Les responsables politiques","En partie","Oui, plutôt","Non, pas vraiment","Peu important","Non, pas du tout","Oui, plutôt","Son appartenance politique, son parti","","Gauche","Aux réseaux sociaux","Réseaux sociaux, Médias (TV, radio, presse)","true","true","false","false","false","false","false","Oui","Participer à des ateliers, débats, Rejoindre une association","true","false","false","false","true","false","false","false","Oui, plutôt","Manque de confiance envers les politiques, Difficulté à comprendre les enjeux","true","false","false","false","false","true","false","Mieux comprendre les programmes, Se sentir concerné·e par les enjeux","true","true","false","false","false","Oui","Oui","19","Homme","Je préfère ne pas répondre","En emploi","92 - Hauts-de-Seine"
"q5WRpR5","PdrarK0","2026-06-26 20:04:55","Droits humains, Harcèlement scolaire, Lutte contre le racisme et la xénophobie","Éducation (orientation, égalité des chances), Lutte contre le racisme et la xénophobie","Non, pas du tout","Non, pas vraiment","Les associations, Les citoyen·nes, Les responsables politiques","En partie","Non, pas vraiment","Non, pas du tout","Très important","Oui, tout à fait","Non, pas vraiment","Ses propositions concrètes","Citoyen","Centre-gauche","Aux sites internet","Réseaux sociaux, Médias (TV, radio, presse)","true","true","false","false","false","false","false","Non","Rejoindre une association, Voter","false","false","false","false","true","false","true","false","Non, pas vraiment","Manque de représentativité, Difficulté à comprendre les enjeux","false","true","false","false","false","true","false","Se sentir concerné·e par les enjeux, Se sentir mieux représenté·es","false","true","false","true","false","Oui","Oui","21","Homme","Bac+2 ou diplôme de niveau équivalent","Étudiant·e","93 - Seine-Saint-Denis"
"NqY7gAO","MeV9Vk8","2026-06-26 20:05:35","Droits des femmes, Éducation (orientation, égalité des chances), Justice sociale","Justice climatique et protection de l’environnement (biodiversité, réduction des déchets), Justice sociale","Non, pas du tout","Non, pas vraiment","Les responsables politiques, Les citoyen·nes, Les associations","En partie","Oui, plutôt","Non, pas du tout","Très important","Oui, plutôt","Non, pas vraiment","Ses propositions concrètes","Juste","Extrême-gauche","Aux réseaux sociaux","Internet (sites d’information), Réseaux sociaux","true","false","true","false","false","false","false","Oui","Rejoindre une association, Voter","false","false","false","false","true","false","true","false","Oui, plutôt","Manque de représentativité, Difficulté à comprendre les enjeux","false","true","false","false","false","true","false","Se sentir concerné·e par les enjeux","false","true","false","false","false","Oui","Oui","20","Femme","Bac+2 ou diplôme de niveau équivalent","Étudiant·e","95 - Val-d'Oise"
"QoY7XWl","2EoMRkV","2026-06-26 20:08:30","Justice sociale, Logement, Lutte contre le racisme et la xénophobie","Justice climatique et protection de l’environnement (biodiversité, réduction des déchets), Emploi","Non, pas vraiment","Oui, plutôt","Les responsables politiques, Les associations, Les citoyen·nes","En partie","Oui, plutôt","Non, pas vraiment","Très important","Oui, plutôt","Non, pas vraiment","Son expérience","Agir","Ecologiste","Aux réseaux sociaux","Réseaux sociaux, Médias (TV, radio, presse)","true","true","false","false","false","false","false","Non","Participer à des ateliers, débats, Créer du contenu (vidéo, réseaux sociaux)","true","false","true","false","false","false","false","false","Oui, tout à fait","Manque de confiance envers les politiques, Manque de représentativité","true","true","false","false","false","false","false","Se sentir concerné·e par les enjeux, Se sentir mieux représenté·es","false","true","false","true","false","Oui","Oui","24","Homme","Bac+5, ou diplôme de niveau équivalent","En emploi","31 - Haute-Garonne"
"gbZ9pVJ","RGj7rRl","2026-06-26 20:08:57","Lutte contre les violences policières, Droits des femmes, Éducation (orientation, égalité des chances)","Lutte contre les violences policières, Éducation (orientation, égalité des chances)","Non, pas vraiment","Non, pas vraiment","Les responsables politiques, Les associations, Les citoyen·nes","Oui, intégralement","Non, pas vraiment","Non, pas du tout","Très important","Oui, tout à fait","Non, pas vraiment","Ses propositions concrètes","révolutionnaire ","Extrême-gauche","Aux sites internet","Internet (sites d’information), Réseaux sociaux","true","false","true","false","false","false","false","Oui","Rejoindre une association, Manifester dans la rue","false","false","false","false","true","true","false","false","Oui, tout à fait","Manque de représentativité, Difficulté à comprendre les enjeux","false","true","false","false","false","true","false","Se sentir concerné·e par les enjeux, Se sentir mieux représenté·es","false","true","false","true","false","Oui","Oui","19","Femme","Bac+2 ou diplôme de niveau équivalent","Étudiant·e","93 - Seine-Saint-Denis"
"VpYzyja","jazOEgQ","2026-06-26 20:11:24","Droits des femmes, Santé mentale (stress, anxiété, dépression), Accès à la culture","Justice climatique et protection de l’environnement (biodiversité, réduction des déchets), Droits des femmes","Non, pas vraiment","Oui, plutôt","Les responsables politiques, Les associations, Les citoyen·nes","En partie","Non, pas vraiment","Oui, plutôt","Peu important","Oui, plutôt","Non, pas vraiment","Ses propositions concrètes","Pas déconnecté des enjeux","Gauche","Aux médias traditionnels (télévision, radio, journaux, magazines et affichage)","Milieu scolaire / réseau étudiant, Médias (TV, radio, presse)","false","true","false","false","true","false","false","Non","Voter, Créer du contenu (vidéo, réseaux sociaux)","false","false","true","false","false","false","true","false","Oui, tout à fait","Manque de confiance envers les politiques, Difficulté à comprendre les enjeux","true","false","false","false","false","true","false","Se sentir concerné·e par les enjeux, Avoir plus confiance dans les candidat·es","false","true","true","false","false","Oui","Oui","19","Homme","Baccalauréat général, technologique, professionnel","Étudiant·e","39 - Jura"
"KpDVyVK","PdraPyB","2026-06-26 20:11:55","Alimentation durable, Lutte contre la désinformation, Protection des données et de la vie privée (numérique)","Droits humains, Lutte contre la désinformation","Je ne sais pas","Non, pas vraiment","Les citoyen·nes, Les responsables politiques, Les associations","Non","Oui, plutôt","Non, pas vraiment","Très important","Non, pas vraiment","Non, pas du tout","Ses propositions concrètes","","Je préfère ne pas répondre","Aux réseaux sociaux","Réseaux sociaux, Entourage (ami·es, famille)","true","false","false","true","false","false","false","Non","Participer à un projet artistique, Rejoindre une association","false","false","false","true","true","false","false","false","Je ne sais pas","Manque de confiance envers les politiques, Manque d’accès à l’information","true","false","true","false","false","false","false","Mieux comprendre les programmes, Se sentir mieux représenté·es","true","false","false","true","false","Oui","Je ne sais pas","20","Homme","Baccalauréat général, technologique, professionnel","Je préfère ne pas répondre","92 - Hauts-de-Seine"
"0Vv602P","aQzbbqq","2026-06-27 09:46:19","Droits des femmes, Justice climatique et protection de l’environnement (biodiversité, réduction des déchets)","Droits des femmes, Justice climatique et protection de l’environnement (biodiversité, réduction des déchets)","Non, pas vraiment","Non, pas vraiment","Les responsables politiques, Les associations, Les citoyen·nes","En partie","Non, pas vraiment","Non, pas du tout","Important","Non, pas vraiment","Non, pas vraiment","Ses propositions concrètes","Actif","Droite","Aux médias traditionnels (télévision, radio, journaux, magazines et affichage)","Médias (TV, radio, presse), Réseaux sociaux","true","true","false","false","false","false","false","Non","Rejoindre une association, Voter","false","false","false","false","true","false","true","false","Oui, plutôt","Manque de confiance envers les politiques, Manque d’accès à l’information","true","false","true","false","false","false","false","Se sentir concerné·e par les enjeux, Avoir plus confiance dans les candidat·es","false","true","true","false","false","Oui","Oui","18","Femme","Baccalauréat général, technologique, professionnel","Étudiant·e","92 - Hauts-de-Seine"
"OQY5x9a","Bz944GQ","2026-06-27 09:51:26","Droits humains, Droits des personnes LGBTQIA+, Accès à la culture","Accès à la culture, Logement","Non, pas vraiment","Oui, plutôt","Les citoyen·nes, Les associations, Les responsables politiques","En partie","Non, pas vraiment","Non, pas du tout","Très important","Non, pas vraiment","Non, pas du tout","Ses propositions concrètes","honnête ","Extrême-gauche","Aux sites internet","Internet (sites d’information), Entourage (ami·es, famille)","false","false","true","true","false","false","false","Non","Participer à un projet artistique, Rejoindre une association","false","false","false","true","true","false","false","false","Non, pas vraiment","Difficulté à comprendre les enjeux, Manque de représentativité","false","true","false","false","false","true","false","Se sentir mieux représenté·es, Mieux comprendre les programmes","true","false","false","true","false","Oui","Oui","17","Homme","Brevet des collèges","Lycéen·ne","75 - Paris"
"BEDGp11","MeGKBBE","2026-06-27 16:13:49","Accès à la culture, Lutte contre la désinformation, Lutte contre le racisme et la xénophobie","Justice climatique et protection de l’environnement (biodiversité, réduction des déchets), Lutte contre la désinformation","Non, pas vraiment","Non, pas du tout","Les associations, Les citoyen·nes, Les responsables politiques","En partie","Non, pas du tout","Non, pas vraiment","Très important","Oui, tout à fait","Non, pas vraiment","Ses propositions concrètes","de gauche ","Gauche","Aux médias traditionnels (télévision, radio, journaux, magazines et affichage)","Réseaux sociaux, Médias (TV, radio, presse)","true","true","false","false","false","false","false","Non","Voter","false","false","false","false","false","false","true","false","Oui, tout à fait","Manque de représentativité, Manque de confiance envers les politiques","true","true","false","false","false","false","false","Avoir plus confiance dans les candidat·es, Se sentir mieux représenté·es","false","false","true","true","false","Oui","Oui","17","Femme","Baccalauréat général, technologique, professionnel","Lycéen·ne","75 - Paris"
"LDYGvQp","eqoqJXJ","2026-06-28 00:05:18","Santé mentale (stress, anxiété, dépression), Droits humains, Harcèlement scolaire","Éducation (orientation, égalité des chances), Santé mentale (stress, anxiété, dépression)","Non, pas vraiment","Oui, plutôt","Les associations, Les citoyen·nes, Les responsables politiques","Non","Oui, plutôt","Non, pas du tout","Peu important","Non, pas vraiment","Non, pas vraiment","Ses propositions concrètes","Humain ","Je préfère ne pas répondre","Aux réseaux sociaux","Je ne m’informe pas sur ce sujet, Réseaux sociaux","true","false","false","false","false","false","true","Non","Signer, lancer ou relayer des pétitions, Participer à des ateliers, débats","true","true","false","false","false","false","false","false","Non, pas vraiment","Manque d’accès à l’information, Manque d’intérêt","false","false","true","true","false","false","false","Se sentir concerné·e par les enjeux, Se sentir mieux représenté·es","false","true","false","true","false","Oui","Non","17","Femme","Brevet des collèges","Lycéen·ne","75 - Paris"
"jeW0xl4","Bz9dWWe","2026-06-29 08:36:44","Lutte contre les discriminations religieuses, Éducation (orientation, égalité des chances), Lutte contre la désinformation","Lutte contre les discriminations religieuses, Droits humains","Non, pas vraiment","Non, pas vraiment","Les citoyen·nes, Les associations, Les responsables politiques","Oui, intégralement","Oui, plutôt","Non, pas vraiment","Important","Oui, tout à fait","Non, pas vraiment","Ses propositions concrètes","Un président n'appartenant à aucun parti, un pur techno ne voulant pas faire primer ses intérêts avant tout.","Gauche","Aux médias traditionnels (télévision, radio, journaux, magazines et affichage)","Médias (TV, radio, presse), Internet (sites d’information)","false","true","true","false","false","false","false","Non","Voter, Participer à des ateliers, débats","true","false","false","false","false","false","true","false","Oui, plutôt","Manque de temps, Difficulté à comprendre les enjeux","false","false","false","false","true","true","false","Avoir plus confiance dans les candidat·es","false","false","true","false","false","Oui","Oui","21","Homme","Bac+2 ou diplôme de niveau équivalent","Étudiant·e","93 - Seine-Saint-Denis"
"zEJ0QJq","Ekad2NA","2026-06-29 08:59:52","Justice climatique et protection de l’environnement (biodiversité, réduction des déchets), Transports et mobilités durables","Justice climatique et protection de l’environnement (biodiversité, réduction des déchets), Transports et mobilités durables","Non, pas vraiment","Oui, plutôt","Les responsables politiques, Les associations, Les citoyen·nes","En partie","Non, pas vraiment","Oui, plutôt","Important","Oui, plutôt","Non, pas vraiment","Son expérience","sincère","Gauche","Aux sites internet","Internet (sites d’information), Entourage (ami·es, famille)","false","false","true","true","false","false","false","Oui","Rejoindre une association, Participer à des ateliers, débats","true","false","false","false","true","false","false","false","Oui, tout à fait","Manque de confiance envers les politiques, Manque d’intérêt","true","false","false","true","false","false","false","Avoir plus confiance dans les candidat·es","false","false","true","false","false","Oui","Oui","24","Femme","Bac+5, ou diplôme de niveau équivalent","Étudiant·e","75 - Paris"
"q5WJNG2","81EZvVk","2026-06-29 20:32:18","Droits humains, Harcèlement scolaire, Santé (prévention)","Logement, Santé mentale (stress, anxiété, dépression)","Non, pas vraiment","Non, pas vraiment","Les responsables politiques, Les associations, Les citoyen·nes","En partie","Non, pas du tout","Non, pas vraiment","Très important","Oui, plutôt","Oui, plutôt","Ses propositions concrètes","Honnête","Centre-gauche","Aux médias traditionnels (télévision, radio, journaux, magazines et affichage)","Médias (TV, radio, presse), Réseaux sociaux","true","true","false","false","false","false","false","Oui","Rejoindre une association, Participer à des ateliers, débats","true","false","false","false","true","false","false","false","Oui, tout à fait","Manque de confiance envers les politiques, Manque de représentativité","true","true","false","false","false","false","false","Avoir plus confiance dans les candidat·es, Se sentir mieux représenté·es","false","false","true","true","false","Oui","Oui","24","Femme","Bac+5, ou diplôme de niveau équivalent","Sans emploi","75 - Paris"
"OQYV2ba","kdryj46","2026-06-30 14:40:37","Droits des femmes, Droits des personnes LGBTQIA+, Santé mentale (stress, anxiété, dépression)","Lutte contre la désinformation, Justice climatique et protection de l’environnement (biodiversité, réduction des déchets)","Non, pas vraiment","Non, pas du tout","Les associations, Les citoyen·nes, Les responsables politiques","En partie","Oui, plutôt","Non, pas du tout","Très important","Oui, plutôt","Non, pas du tout","Ses propositions concrètes","honnête ","Extrême-gauche","Aux réseaux sociaux","Réseaux sociaux, Entourage (ami·es, famille)","true","false","false","true","false","false","false","Oui","Participer à un projet artistique, Rejoindre une association","false","false","false","true","true","false","false","false","Je ne sais pas","Manque de représentativité, Manque de confiance envers les politiques","true","true","false","false","false","false","false","Se sentir mieux représenté·es, Avoir plus confiance dans les candidat·es","false","false","true","true","false","Oui","Oui","18","Je préfère ne pas répondre","Baccalauréat général, technologique, professionnel","Étudiant·e","13 - Bouches-du-Rhône"
"jeWEO59","xX6pqXy","2026-06-30 15:01:02","Accès à la culture, Justice sociale, Droits humains","Logement, Alimentation durable","Non, pas vraiment","Non, pas vraiment","Les citoyen·nes, Les responsables politiques, Les associations","Oui, intégralement","Non, pas vraiment","Non, pas du tout","Très important","Oui, plutôt","Non, pas du tout","Ses propositions concrètes","Populaire ","Extrême-gauche","Aux médias traditionnels (télévision, radio, journaux, magazines et affichage)","Médias (TV, radio, presse), Réseaux sociaux","true","true","false","false","false","false","false","Oui","Créer du contenu (vidéo, réseaux sociaux), Manifester dans la rue","false","false","true","false","false","true","false","false","Je ne sais pas","Manque d’accès à l’information, Manque de représentativité","false","true","true","false","false","false","false","Mieux comprendre les programmes, Se sentir concerné·e par les enjeux","true","true","false","false","false","Oui","Oui","19","Je préfère ne pas répondre","Baccalauréat général, technologique, professionnel","Étudiant·e","13 - Bouches-du-Rhône"
"WJYQJLJ","2ERe2qp","2026-06-30 15:18:55","Santé mentale (stress, anxiété, dépression), Éducation (orientation, égalité des chances), Droits des personnes LGBTQIA+","Économie, Justice sociale","Oui, plutôt","Non, pas vraiment","Les responsables politiques, Les associations, Les citoyen·nes","En partie","Non, pas vraiment","Non, pas vraiment","Très important","Oui, plutôt","Non, pas vraiment","Ses propositions concrètes","fiable ","Gauche","Aux réseaux sociaux","Médias (TV, radio, presse), Entourage (ami·es, famille)","false","true","false","true","false","false","false","Oui","Rejoindre une association, Manifester dans la rue","false","false","false","false","true","true","false","false","Oui, plutôt","Manque de confiance envers les politiques, Manque d’accès à l’information","true","false","true","false","false","false","false","Se sentir concerné·e par les enjeux, Se sentir mieux représenté·es","false","true","false","true","false","Oui","Oui","19","Femme","Bac+2 ou diplôme de niveau équivalent","Étudiant·e","79 - Deux-Sèvres"
"J1DGJyR","rjqlaMp","2026-06-30 16:08:53","Droits des personnes LGBTQIA+, Handicap et lutte contre le validisme, Justice sociale","Emploi","Non, pas vraiment","Non, pas du tout","Les citoyen·nes, Les responsables politiques, Les associations","En partie","Non, pas vraiment","Non, pas vraiment","Très important","Non, pas vraiment","Non, pas du tout","Ses propositions concrètes","Socialiste!","Extrême-gauche","Aux sites internet","Internet (sites d’information), Structures jeunesse (missions locales, associations…)","false","false","true","false","false","true","false","Oui","Voter, Signer, lancer ou relayer des pétitions","false","true","false","false","false","false","true","false","Je ne sais pas","Manque de confiance envers les politiques, Difficulté à comprendre les enjeux","true","false","false","false","false","true","false","Mieux comprendre les programmes, Se sentir mieux représenté·es","true","false","false","true","false","Oui","Oui","19","Femme","Bac+2 ou diplôme de niveau équivalent","Étudiant·e","13 - Bouches-du-Rhône"
"laW5eyN","1ABrxyQ","2026-06-30 18:30:58","Droits humains, Justice sociale, Lutte contre le racisme et la xénophobie","Lutte contre le racisme et la xénophobie, Accès à la culture","Je ne sais pas","Non, pas vraiment","Les responsables politiques, Les citoyen·nes, Les associations","En partie","Non, pas vraiment","Non, pas vraiment","Très important","Oui, plutôt","Non, pas vraiment","Ses propositions concrètes","Révolutionnaire ","Extrême-gauche","Aux réseaux sociaux","Réseaux sociaux, Structures jeunesse (missions locales, associations…)","true","false","false","false","false","true","false","Oui","Créer du contenu (vidéo, réseaux sociaux), Participer à un projet artistique","false","false","true","true","false","false","false","false","Oui, plutôt","Manque d’accès à l’information, Manque d’intérêt","false","false","true","true","false","false","false","Se sentir mieux représenté·es, Avoir plus confiance dans les candidat·es","false","false","true","true","false","Oui","Oui","17","Homme","Baccalauréat général, technologique, professionnel","Étudiant·e","13 - Bouches-du-Rhône"
"dbjXBgV","zxbZ58g","2026-07-01 14:42:17","Accès à la culture, Justice climatique et protection de l’environnement (biodiversité, réduction des déchets), Lutte contre le racisme et la xénophobie","Justice climatique et protection de l’environnement (biodiversité, réduction des déchets), Justice sociale","Non, pas vraiment","Non, pas vraiment","Les responsables politiques, Les citoyen·nes, Les associations","En partie","Oui, plutôt","Non, pas vraiment","Important","Oui, plutôt","Non, pas vraiment","Ses propositions concrètes","Juste","Extrême-gauche","Aux réseaux sociaux","Réseaux sociaux, Médias (TV, radio, presse)","true","true","false","false","false","false","false","Oui","Participer à des ateliers, débats, Voter","true","false","false","false","false","false","true","false","Oui, tout à fait","Manque d’accès à l’information, Manque de confiance envers les politiques","true","false","true","false","false","false","false","Se sentir mieux représenté·es, Se sentir concerné·e par les enjeux","false","true","false","true","false","Oui","Oui","20","Homme","Baccalauréat général, technologique, professionnel","Étudiant·e","92 - Hauts-de-Seine"
"peWppKb","WOZpMYk","2026-07-02 07:45:49","Droits des femmes, Justice climatique et protection de l’environnement (biodiversité, réduction des déchets), Lutte contre la désinformation","Justice climatique et protection de l’environnement (biodiversité, réduction des déchets), Lutte contre la désinformation","Non, pas du tout","Non, pas du tout","Les responsables politiques, Les associations, Les citoyen·nes","Oui, intégralement","Non, pas vraiment","Non, pas vraiment","Très important","Oui, tout à fait","Non, pas vraiment","Ses propositions concrètes","Écologiste","Extrême-gauche","Aux réseaux sociaux","Réseaux sociaux, Internet (sites d’information)","true","false","true","false","false","false","false","Oui","Voter, Signer, lancer ou relayer des pétitions","false","true","false","false","false","false","true","false","Oui, plutôt","Difficulté à comprendre les enjeux, Manque de confiance envers les politiques","true","false","false","false","false","true","false","Se sentir concerné·e par les enjeux, Avoir plus confiance dans les candidat·es","false","true","true","false","false","Oui","Oui","23","Femme","Bac+5, ou diplôme de niveau équivalent","Étudiant·e","91 - Essonne"
"5Xv7vbv","ODVjB1p","2026-07-02 13:24:20","Droits des personnes LGBTQIA+, Accès à la culture, Lutte contre les violences policières","Droits des personnes LGBTQIA+, Lutte contre les violences policières","Non, pas vraiment","Non, pas du tout","Les citoyen·nes, Les responsables politiques, Les associations","En partie","Non, pas vraiment","Non, pas du tout","Très important","Oui, plutôt","Non, pas du tout","Son appartenance politique, son parti","Antifa","Gauche","Aux médias traditionnels (télévision, radio, journaux, magazines et affichage)","Internet (sites d’information), Milieu scolaire / réseau étudiant","false","false","true","false","true","false","false","Non","Participer à des ateliers, débats, Signer, lancer ou relayer des pétitions","true","true","false","false","false","false","false","false","Non, pas vraiment","Manque de confiance envers les politiques, Manque de représentativité","true","true","false","false","false","false","false","Se sentir concerné·e par les enjeux, Se sentir mieux représenté·es","false","true","false","true","false","Non","","16","Homme","Brevet des collèges","Lycéen·ne","75 - Paris"
"YjY6YXN","EkaBbvN","2026-07-02 13:26:54","Droits des personnes LGBTQIA+, Lutte contre les violences policières, Droits humains","La précarité, Droits humains","Non, pas du tout","Non, pas du tout","Les citoyen·nes, Les associations, Les responsables politiques","En partie","Non, pas du tout","Non, pas du tout","Très important","Oui, tout à fait","Non, pas vraiment","Ses propositions concrètes","","Extrême-gauche","Aux sites internet","Internet (sites d’information), Réseaux sociaux","true","false","true","false","false","false","false","Oui","Créer du contenu (vidéo, réseaux sociaux), Manifester dans la rue","false","false","true","false","false","true","false","false","Non, pas vraiment","Manque d’accès à l’information, Difficulté à comprendre les enjeux","false","false","true","false","false","true","false","Mieux comprendre les programmes, Se sentir mieux représenté·es","true","false","false","true","false","Oui","Oui","17","Je préfère ne pas répondre","Brevet des collèges","Lycéen·ne","75 - Paris"
"J1DQMNX","2EROeqV","2026-07-02 16:43:26","Droits des femmes, Droits humains, Justice climatique et protection de l’environnement (biodiversité, réduction des déchets)","Justice sociale, Justice climatique et protection de l’environnement (biodiversité, réduction des déchets)","Non, pas vraiment","Non, pas vraiment","Les responsables politiques, Les citoyen·nes, Les associations","Oui, intégralement","Non, pas vraiment","Non, pas vraiment","Très important","Oui, plutôt","Non, pas vraiment","Ses propositions concrètes","juste","Gauche","Aux médias traditionnels (télévision, radio, journaux, magazines et affichage)","Réseaux sociaux, Médias (TV, radio, presse)","true","true","false","false","false","false","false","Oui","Manifester dans la rue, Rejoindre une association","false","false","false","false","true","true","false","false","Oui, plutôt","Manque de représentativité, Manque d’intérêt","false","true","false","true","false","false","false","Avoir plus confiance dans les candidat·es, Se sentir mieux représenté·es","false","false","true","true","false","Non","Oui","16","Femme","Baccalauréat général, technologique, professionnel","Lycéen·ne","75 - Paris"
"8N8XbP5","A7QW6AW","2026-07-02 17:29:33","Justice sociale, Droits des femmes, Droits des personnes LGBTQIA+","Justice climatique et protection de l’environnement (biodiversité, réduction des déchets), Lutte contre la désinformation","Non, pas vraiment","Non, pas vraiment","Les responsables politiques, Les citoyen·nes, Les associations","En partie","Non, pas vraiment","Non, pas du tout","Très important","Oui, plutôt","Non, pas du tout","Ses propositions concrètes","Honnête","Ecologiste","Aux médias traditionnels (télévision, radio, journaux, magazines et affichage)","Entourage (ami·es, famille), Médias (TV, radio, presse)","false","true","false","true","false","false","false","Oui","Manifester dans la rue, Rejoindre une association","false","false","false","false","true","true","false","false","Oui, plutôt","Manque de confiance envers les politiques, Manque de représentativité","true","true","false","false","false","false","false","Se sentir concerné·e par les enjeux, Avoir plus confiance dans les candidat·es","false","true","true","false","false","Oui","Oui","18","Non binaire","Baccalauréat général, technologique, professionnel","Lycéen·ne","75 - Paris"
"4av5NvY","MeGvVak","2026-07-03 00:32:03","Lutte contre le racisme et la xénophobie, Lutte contre les violences policières, Lutte contre les discriminations religieuses","Lutte contre les violences policières, Lutte contre le racisme et la xénophobie","Non, pas vraiment","Non, pas vraiment","Les associations, Les citoyen·nes, Les responsables politiques","En partie","Oui, plutôt","Non, pas vraiment","Important","Oui, plutôt","Non, pas vraiment","Son appartenance politique, son parti","Je sais pas mais pas l’extreme droite ","Gauche","Aux réseaux sociaux","Internet (sites d’information), Réseaux sociaux","true","false","true","false","false","false","false","Non","Voter","false","false","false","false","false","false","true","false","Oui, plutôt","Manque de confiance envers les politiques, Manque de représentativité","true","true","false","false","false","false","false","Se sentir concerné·e par les enjeux","false","true","false","false","false","Oui","Oui","19","Femme","Baccalauréat général, technologique, professionnel","Étudiant·e","75 - Paris"
"e57qyMo","pbZzy2Z","2026-07-03 22:16:26","Éducation (orientation, égalité des chances), Sécurité, Logement","Logement, Réformer l'Union Européenne","Non, pas vraiment","Non, pas du tout","Les citoyen·nes, Les associations, Les responsables politiques","En partie","Non, pas vraiment","Non, pas vraiment","Important","Oui, tout à fait","Non, pas vraiment","Son expérience","Authentique","Ni gauche ni droite","Aux médias traditionnels (télévision, radio, journaux, magazines et affichage)","Médias (TV, radio, presse), Réseaux sociaux","true","true","false","false","false","false","false","Non","Créer du contenu (vidéo, réseaux sociaux), Voter","false","false","true","false","false","false","true","false","Je ne sais pas","Manque de représentativité, Manque d’intérêt","false","true","false","true","false","false","false","Se sentir concerné·e par les enjeux, Avoir plus confiance dans les candidat·es","false","true","true","false","false","Oui","Oui","24","Homme","Bac+3 ou +4, ou diplôme de niveau équivalent","Sans emploi","75 - Paris"
"WJM2kGN","WOZZQEL","2026-07-04 10:18:01","Accès à la culture, Santé mentale (stress, anxiété, dépression), Éducation (orientation, égalité des chances)","Sécurité","Oui, plutôt","Oui, plutôt","Les responsables politiques, Les citoyen·nes, Les associations","Non","Oui, plutôt","Oui, plutôt","Peu important","Oui, plutôt","Oui, plutôt","Son expérience","Responsable","Centre","Aux sites internet","Réseaux sociaux, Internet (sites d’information)","true","false","true","false","false","false","false","Non","Créer du contenu (vidéo, réseaux sociaux), Participer à un projet artistique","false","false","true","true","false","false","false","false","Je ne sais pas","Difficulté à comprendre les enjeux, Manque de confiance envers les politiques","true","false","false","false","false","true","false","Je ne sais pas, Avoir plus confiance dans les candidat·es","false","false","true","false","true","Oui","Non","19","Homme","Bac+2 ou diplôme de niveau équivalent","Étudiant·e","75 - Paris"
"ArqLRAD","WOZZQEL","2026-07-05 16:59:40","Accès à la culture","Accès à la culture","Oui, plutôt","Oui, plutôt","Les associations, Les citoyen·nes, Les responsables politiques","En partie","Oui, plutôt","Oui, plutôt","Peu important","Oui, plutôt","Oui, plutôt","Son expérience","","Centre","Aux réseaux sociaux","Réseaux sociaux, Internet (sites d’information)","true","false","true","false","false","false","false","Non","Créer du contenu (vidéo, réseaux sociaux), Rejoindre une association","false","false","true","false","true","false","false","false","Oui, plutôt","Manque d’intérêt, Manque de temps","false","false","false","true","true","false","false","Mieux comprendre les programmes, Je ne sais pas","true","false","false","false","true","Oui","Non","19","Homme","Bac+2 ou diplôme de niveau équivalent","Étudiant·e","75 - Paris"
"e572vRJ","KYRrLbg","2026-07-06 13:57:29","Logement, Justice sociale, Santé (prévention)","Éducation (orientation, égalité des chances), Santé (prévention)","Non, pas vraiment","Oui, plutôt","Les citoyen·nes, Les responsables politiques, Les associations","Non","Non, pas vraiment","Oui, plutôt","Important","Oui, tout à fait","Non, pas vraiment","Ses propositions concrètes","","Je préfère ne pas répondre","Aux médias traditionnels (télévision, radio, journaux, magazines et affichage)","Réseaux sociaux, Entourage (ami·es, famille)","true","false","false","true","false","false","false","Non","Voter, Signer, lancer ou relayer des pétitions","false","true","false","false","false","false","true","false","Oui, tout à fait","Manque de confiance envers les politiques, Manque de représentativité","true","true","false","false","false","false","false","Avoir plus confiance dans les candidat·es, Se sentir mieux représenté·es","false","false","true","true","false","Non","Oui","15","Homme","Brevet des collèges","Lycéen·ne","75 - Paris"
"la7xE4W","jagyQ1Q","2026-07-07 22:30:49","Justice sociale, Lutte contre le racisme et la xénophobie, Lutte contre les violences policières","Lutte contre le racisme et la xénophobie, Justice sociale","Non, pas vraiment","Non, pas du tout","Les associations, Les responsables politiques, Les citoyen·nes","En partie","Oui, plutôt","Non, pas vraiment","Important","Oui, plutôt","Non, pas du tout","Son appartenance politique, son parti","Inexistant.e","Extrême-gauche","Aux réseaux sociaux","Milieu scolaire / réseau étudiant, Réseaux sociaux","true","false","false","false","true","false","false","Oui","Rejoindre une association, Manifester dans la rue","false","false","false","false","true","true","false","false","Non, pas vraiment","Manque de confiance envers les politiques, Désaccord avec le système politique actuel","true","false","false","false","false","false","true","Se sentir concerné·e par les enjeux, Avoir plus confiance dans les candidat·es","false","true","true","false","false","Oui","Oui","21","Je préfère ne pas répondre","Bac+3 ou +4, ou diplôme de niveau équivalent","Étudiant·e","69 - Rhône"
"4aoMb0d","lbgyyBk","2026-07-07 22:31:30","Justice sociale, Lutte contre les violences policières, Lutte contre le racisme et la xénophobie","Lutte contre le racisme et la xénophobie, Logement","Non, pas vraiment","Non, pas du tout","Les associations, Les responsables politiques, Les citoyen·nes","En partie","Non, pas vraiment","Non, pas vraiment","Important","Oui, tout à fait","Oui, tout à fait","Son appartenance politique, son parti","Collectif","Extrême-gauche","Aux médias traditionnels (télévision, radio, journaux, magazines et affichage)","Entourage (ami·es, famille), Réseaux sociaux","true","false","false","true","false","false","false","Oui","Manifester dans la rue, Créer du contenu (vidéo, réseaux sociaux)","false","false","true","false","false","true","false","false","Non, pas vraiment","Manque de confiance envers les politiques, Manque de représentativité","true","true","false","false","false","false","false","Se sentir concerné·e par les enjeux, Avoir plus confiance dans les candidat·es","false","true","true","false","false","Oui","Oui","21","Femme","Bac+3 ou +4, ou diplôme de niveau équivalent","Étudiant·e","75 - Paris"
"LDJe2Qp","ODrzzzK","2026-07-07 22:32:16","Lutte contre le racisme et la xénophobie, Justice sociale, Lutte contre les violences policières","Lutte contre le racisme et la xénophobie, Logement","Non, pas vraiment","Non, pas du tout","Les responsables politiques, Les associations, Les citoyen·nes","En partie","Non, pas vraiment","Non, pas vraiment","Peu important","Oui, tout à fait","Non, pas du tout","Son appartenance politique, son parti","Collectif","Extrême-gauche","Aux réseaux sociaux","Réseaux sociaux, Entourage (ami·es, famille)","true","false","false","true","false","false","false","Oui","Rejoindre une association, Créer du contenu (vidéo, réseaux sociaux)","false","false","true","false","true","false","false","false","Non, pas vraiment","Manque de confiance envers les politiques, Manque de temps","true","false","false","false","true","false","false","Avoir plus confiance dans les candidat·es, Se sentir mieux représenté·es","false","false","true","true","false","Oui","Oui","21","Femme","Bac+3 ou +4, ou diplôme de niveau équivalent","Étudiant·e","13 - Bouches-du-Rhône"
"PRBOM80","D4bAloZ","2026-07-09 09:48:51","Justice climatique et protection de l’environnement (biodiversité, réduction des déchets), Lutte contre les violences policières, Justice sociale","Justice climatique et protection de l’environnement (biodiversité, réduction des déchets), Justice sociale","Non, pas vraiment","Non, pas du tout","Les associations, Les citoyen·nes, Les responsables politiques","En partie","Non, pas vraiment","Non, pas vraiment","Important","Oui, plutôt","Non, pas du tout","Ses propositions concrètes","visionnaire","Gauche","Aux sites internet","Médias (TV, radio, presse), Internet (sites d’information)","false","true","true","false","false","false","false","Oui","Participer à des ateliers, débats, Manifester dans la rue","true","false","false","false","false","true","false","false","Non, pas vraiment","Manque de confiance envers les politiques, Manque de représentativité","true","true","false","false","false","false","false","Se sentir concerné·e par les enjeux, Avoir plus confiance dans les candidat·es","false","true","true","false","false","Oui","Oui","18","Homme","Bac+2 ou diplôme de niveau équivalent","Étudiant·e","92 - Hauts-de-Seine"
"EqBq6a4","ODgayba","2026-07-15 12:16:42","Justice climatique et protection de l’environnement (biodiversité, réduction des déchets), Économie, Accès à la culture","Économie, Justice climatique et protection de l’environnement (biodiversité, réduction des déchets)","Non, pas vraiment","Non, pas vraiment","Les associations, Les citoyen·nes, Les responsables politiques","Oui, intégralement","Non, pas du tout","Non, pas du tout","Important","Non, pas vraiment","Non, pas du tout","Ses propositions concrètes","participation ","Gauche","Aux réseaux sociaux","Internet (sites d’information), Entourage (ami·es, famille)","false","false","true","true","false","false","false","Oui","Participer à un projet artistique, Rejoindre une association","false","false","false","true","true","false","false","false","Non, pas du tout","Manque d’intérêt, Manque de confiance envers les politiques","true","false","false","true","false","false","false","Se sentir concerné·e par les enjeux, Avoir plus confiance dans les candidat·es","false","true","true","false","false","Oui","Oui","21","Femme","Bac+3 ou +4, ou diplôme de niveau équivalent","Sans emploi","77 - Seine-et-Marne"
"la082OB","RGgre5K","2026-07-21 07:37:23","Justice climatique et protection de l’environnement (biodiversité, réduction des déchets), Justice sociale, Droits humains","Justice sociale, Justice climatique et protection de l’environnement (biodiversité, réduction des déchets)","Non, pas du tout","Non, pas du tout","Les associations, Les citoyen·nes, Les responsables politiques","Oui, intégralement","Oui, plutôt","Non, pas vraiment","Important","Oui, tout à fait","Non, pas vraiment","Ses propositions concrètes","","Gauche","Aux réseaux sociaux","Réseaux sociaux, Médias (TV, radio, presse)","true","true","false","false","false","false","false","Oui","Signer, lancer ou relayer des pétitions, Rejoindre une association","false","true","false","false","true","false","false","false","Oui, tout à fait","Manque de confiance envers les politiques, Manque de représentativité","true","true","false","false","false","false","false","Se sentir mieux représenté·es, Se sentir concerné·e par les enjeux","false","true","false","true","false","Oui","Oui","21","Femme","Bac+3 ou +4, ou diplôme de niveau équivalent","Étudiant·e","56 - Morbihan"
"2jOBGvV","ODgMY0k","2026-07-23 08:53:14","Économie, Sécurité, Emploi","Économie, Sécurité","Non, pas du tout","Non, pas du tout","Les associations, Les citoyen·nes, Les responsables politiques","En partie","Non, pas vraiment","Non, pas du tout","Très important","Oui, tout à fait","Non, pas du tout","Ses propositions concrètes","Réaliste","Libéral","Aux réseaux sociaux","Réseaux sociaux, Internet (sites d’information)","true","false","true","false","false","false","false","Oui","Créer du contenu (vidéo, réseaux sociaux)","false","false","true","false","false","false","false","false","Non, pas vraiment","Manque de confiance envers les politiques, Manque d’intérêt","true","false","false","true","false","false","false","Avoir plus confiance dans les candidat·es","false","false","true","false","false","Oui","Je ne sais pas","22","Je préfère ne pas répondre","Bac+3 ou +4, ou diplôme de niveau équivalent","En emploi","95 - Val-d'Oise"
"PR8A5rB","BzgvYYQ","2026-07-24 08:33:19","Justice sociale, Lutte contre les discriminations religieuses, Lutte contre les violences policières","Justice sociale, Lutte contre les discriminations religieuses","Non, pas vraiment","Non, pas vraiment","Les responsables politiques, Les citoyen·nes, Les associations","En partie","Oui, plutôt","Non, pas vraiment","Important","Non, pas vraiment","Non, pas vraiment","Ses propositions concrètes","Fort","Centre-gauche","Aux réseaux sociaux","Réseaux sociaux, Entourage (ami·es, famille)","true","false","false","true","false","false","false","Non","Rejoindre une association, Voter","false","false","false","false","true","false","true","false","Oui, plutôt","Manque de confiance envers les politiques, Difficulté à comprendre les enjeux","true","false","false","false","false","true","false","Mieux comprendre les programmes, Se sentir concerné·e par les enjeux","true","true","false","false","false","Oui","Oui","17","Homme","Baccalauréat général, technologique, professionnel","Étudiant·e","59 - Nord"
"laKGKZW","XxyV66P","2026-08-05 10:43:32","Politique étrangère, Lutte contre le racisme et la xénophobie, Droits des femmes","Lutte contre le racisme et la xénophobie, Politique étrangère","Non, pas vraiment","Non, pas vraiment","Les citoyen·nes, Les responsables politiques, Les associations","En partie","Non, pas vraiment","Non, pas vraiment","Important","Oui, plutôt","Non, pas vraiment","Son appartenance politique, son parti","","Gauche","Aux médias traditionnels (télévision, radio, journaux, magazines et affichage)","Milieu scolaire / réseau étudiant, Réseaux sociaux","true","false","false","false","true","false","false","Non","Rejoindre une association, Voter","false","false","false","false","true","false","true","false","Oui, tout à fait","Manque de représentativité, Difficulté à comprendre les enjeux","false","true","false","false","false","true","false","Avoir plus confiance dans les candidat·es, Se sentir mieux représenté·es","false","false","true","true","false","Oui","Oui","22","Femme","Bac+5, ou diplôme de niveau équivalent","Étudiant·e","94 - Val-de-Marne"
"BEAyj4R","xXBk5Xo","2026-08-05 10:45:20","Droits des femmes, Droits humains, Lutte contre le racisme et la xénophobie","Droits des femmes, Lutte contre le racisme et la xénophobie","Non, pas vraiment","Non, pas vraiment","Les citoyen·nes, Les associations, Les responsables politiques","Non","Oui, plutôt","Non, pas vraiment","Très important","Oui, tout à fait","Non, pas vraiment","Ses propositions concrètes","À l'écoute","Centre-gauche","Aux réseaux sociaux","Réseaux sociaux, Internet (sites d’information)","true","false","true","false","false","false","false","Oui","Rejoindre une association, Voter","false","false","false","false","true","false","true","false","Oui, tout à fait","Manque de confiance envers les politiques, Manque d’intérêt","true","false","false","true","false","false","false","Se sentir concerné·e par les enjeux, Mieux comprendre les programmes","true","true","false","false","false","Non","","15","Femme","Brevet des collèges","Lycéen·ne","29 - Finistère"
"bZKpYK7","0Q52RL9","2026-08-05 10:47:27","Droits des personnes LGBTQIA+, Droits des femmes, Lutte contre la grossophobie","Droits des femmes, Éducation (orientation, égalité des chances)","Non, pas du tout","Non, pas du tout","Les citoyen·nes, Les associations, Les responsables politiques","En partie","Non, pas vraiment","Non, pas du tout","Très important","Oui, tout à fait","Non, pas vraiment","Ses propositions concrètes","Idéaliste","Gauche","Aux sites internet","Milieu scolaire / réseau étudiant, Structures jeunesse (missions locales, associations…)","false","false","false","false","true","true","false","Oui","Participer à un projet artistique, Rejoindre une association","false","false","false","true","true","false","false","false","Oui, tout à fait","Manque de confiance envers les politiques, Manque de représentativité","true","true","false","false","false","false","false","Se sentir concerné·e par les enjeux, Se sentir mieux représenté·es","false","true","false","true","false","Non","Oui","16","Femme","Brevet des collèges","Lycéen·ne","2B - Haute-Corse"
"vXEZJRd","VLyROdv","2026-08-05 10:49:40","Droits des femmes, Droits des animaux, Santé mentale (stress, anxiété, dépression)","Droits des personnes LGBTQIA+, Justice sociale","Non, pas vraiment","Je ne sais pas","Les responsables politiques, Les associations, Les citoyen·nes","Oui, intégralement","Non, pas vraiment","Non, pas vraiment","Très important","Oui, plutôt","Non, pas vraiment","Ses propositions concrètes","","Centre-gauche","Aux médias traditionnels (télévision, radio, journaux, magazines et affichage)","Internet (sites d’information), Médias (TV, radio, presse)","false","true","true","false","false","false","false","Oui","Rejoindre une association, Participer à des ateliers, débats","true","false","false","false","true","false","false","false","Oui, tout à fait","Manque d’accès à l’information, Manque de temps","false","false","true","false","true","false","false","Se sentir concerné·e par les enjeux, Se sentir mieux représenté·es","false","true","false","true","false","Non","","16","Femme","Brevet des collèges","Lycéen·ne","75 - Paris"
"peREJaE","Bz5OW57","2026-08-05 10:49:50","Accès à la culture, Droits des femmes, Justice climatique et protection de l’environnement (biodiversité, réduction des déchets)","Droits des femmes, Justice climatique et protection de l’environnement (biodiversité, réduction des déchets)","Non, pas du tout","Non, pas vraiment","Les responsables politiques, Les associations, Les citoyen·nes","En partie","Oui, plutôt","Non, pas du tout","Très important","Oui, tout à fait","Non, pas vraiment","Ses propositions concrètes","Concrèt","Gauche","Aux réseaux sociaux","Réseaux sociaux, Internet (sites d’information)","true","false","true","false","false","false","false","Oui","Rejoindre une association, Voter","false","false","false","false","true","false","true","false","Oui, tout à fait","Difficulté à comprendre les enjeux, Manque de représentativité","false","true","false","false","false","true","false","Mieux comprendre les programmes, Se sentir concerné·e par les enjeux","true","true","false","false","false","Oui","Oui","23","Femme","Bac+5, ou diplôme de niveau équivalent","Sans emploi","75 - Paris"
"xV4qlxE","obQrLaX","2026-08-05 10:50:18","Accès à la culture, Droits des femmes, Justice sociale","Droits humains, Lutte contre les violences policières","Non, pas vraiment","Non, pas du tout","Les associations, Les citoyen·nes, Les responsables politiques","En partie","Oui, plutôt","Non, pas du tout","Pas du tout important","Oui, tout à fait","Non, pas vraiment","Ses propositions concrètes","se sent concerné à propos de tout ","Extrême-gauche","Aux médias traditionnels (télévision, radio, journaux, magazines et affichage)","Réseaux sociaux, Médias (TV, radio, presse)","true","true","false","false","false","false","false","Oui","Participer à des ateliers, débats, Rejoindre une association","true","false","false","false","true","false","false","false","Oui, tout à fait","Manque de représentativité, Manque de confiance envers les politiques","true","true","false","false","false","false","false","Mieux comprendre les programmes, Se sentir mieux représenté·es","true","false","false","true","false","Non","","15","Femme","Baccalauréat général, technologique, professionnel","Lycéen·ne","30 - Gard"
"9NpkoQV","Bz5OWR4","2026-08-05 10:51:13","Droits des femmes, Harcèlement scolaire, Santé mentale (stress, anxiété, dépression)","Droits des femmes, Harcèlement scolaire","Non, pas vraiment","Non, pas du tout","Les responsables politiques, Les associations, Les citoyen·nes","Non","Non, pas vraiment","Non, pas du tout","Important","Non, pas vraiment","Non, pas du tout","Ses propositions concrètes","Honnête ","Je préfère ne pas répondre","Aux réseaux sociaux","Réseaux sociaux, Milieu scolaire / réseau étudiant","true","false","false","false","true","false","false","Non","Rejoindre une association, Voter","false","false","false","false","true","false","true","false","Oui, plutôt","Manque de confiance envers les politiques, Manque d’accès à l’information","true","false","true","false","false","false","false","Avoir plus confiance dans les candidat·es, Se sentir mieux représenté·es","false","false","true","true","false","Oui","Oui","19","Femme","Baccalauréat général, technologique, professionnel","Étudiant·e","92 - Hauts-de-Seine"
"bZKp6D7","44dWbBX","2026-08-05 10:53:12","Santé mentale (stress, anxiété, dépression), Éducation (orientation, égalité des chances), Droits humains","Droits humains, Justice climatique et protection de l’environnement (biodiversité, réduction des déchets)","Non, pas vraiment","Non, pas du tout","Les responsables politiques, Les associations, Les citoyen·nes","En partie","Non, pas vraiment","Non, pas vraiment","Important","Non, pas vraiment","Non, pas vraiment","Ses propositions concrètes","","Centre-gauche","Aux médias traditionnels (télévision, radio, journaux, magazines et affichage)","Réseaux sociaux, Médias (TV, radio, presse)","true","true","false","false","false","false","false","Oui","Rejoindre une association, Participer à des ateliers, débats","true","false","false","false","true","false","false","false","Oui, tout à fait","Manque de confiance envers les politiques, Manque de représentativité","true","true","false","false","false","false","false","Avoir plus confiance dans les candidat·es, Se sentir mieux représenté·es","false","false","true","true","false","Non","","17","Femme","Baccalauréat général, technologique, professionnel","Lycéen·ne","86 - Vienne"
"bZKpA40","J9YaP7J","2026-08-05 11:06:15","Harcèlement scolaire, Santé (prévention), Santé mentale (stress, anxiété, dépression)","Droits humains, Harcèlement scolaire","Non, pas vraiment","Non, pas vraiment","Les responsables politiques, Les associations, Les citoyen·nes","Non","Oui, tout à fait","Non, pas vraiment","Important","Non, pas vraiment","Non, pas vraiment","Ses propositions concrètes","compréhensible ","Je préfère ne pas répondre","Aux sites internet","Réseaux sociaux, Internet (sites d’information)","true","false","true","false","false","false","false","Oui","Rejoindre une association, Manifester dans la rue","false","false","false","false","true","true","false","false","Oui, plutôt","Difficulté à comprendre les enjeux, Manque d’accès à l’information","false","false","true","false","false","true","false","Se sentir concerné·e par les enjeux, Mieux comprendre les programmes","true","true","false","false","false","Non","Non","16","Femme","Brevet des collèges","Lycéen·ne","2B - Haute-Corse"
"peREZ9J","kdxD2ld","2026-08-05 11:07:21","Droits des femmes, Éducation (orientation, égalité des chances), Justice climatique et protection de l’environnement (biodiversité, réduction des déchets)","Droits humains, Lutte contre le racisme et la xénophobie","Non, pas vraiment","Oui, plutôt","Les responsables politiques, Les citoyen·nes, Les associations","Non","Oui, plutôt","Je ne sais pas","Important","Oui, plutôt","Oui, plutôt","Ses propositions concrètes","changement","Je préfère ne pas répondre","Aux médias traditionnels (télévision, radio, journaux, magazines et affichage)","Médias (TV, radio, presse), Réseaux sociaux","true","true","false","false","false","false","false","Non","Signer, lancer ou relayer des pétitions, Voter","false","true","false","false","false","false","true","false","Oui, tout à fait","Difficulté à comprendre les enjeux, Manque d’intérêt","false","false","false","true","false","true","false","Se sentir concerné·e par les enjeux, Mieux comprendre les programmes","true","true","false","false","false","Oui","Oui","17","Femme","Baccalauréat général, technologique, professionnel","Étudiant·e","13 - Bouches-du-Rhône"
"BEAy6xK","rjWNe0l","2026-08-05 11:09:48","Droits des femmes, Santé mentale (stress, anxiété, dépression), Droits humains","Droits des femmes, Lutte contre le racisme et la xénophobie","Oui, plutôt","Non, pas du tout","Les responsables politiques, Les citoyen·nes, Les associations","Oui, intégralement","Non, pas vraiment","Non, pas vraiment","Très important","Oui, tout à fait","Non, pas du tout","Son appartenance politique, son parti","","Gauche","Aux réseaux sociaux","Structures jeunesse (missions locales, associations…), Réseaux sociaux","true","false","false","false","false","true","false","Oui","Rejoindre une association, Voter","false","false","false","false","true","false","true","false","Oui, tout à fait","Manque de représentativité, Manque d’intérêt","false","true","false","true","false","false","false","Se sentir concerné·e par les enjeux, Mieux comprendre les programmes","true","true","false","false","false","Oui","Oui","21","Femme","Bac+2 ou diplôme de niveau équivalent","Étudiant·e","84 - Vaucluse"
"xV4qBqk","815vOKY","2026-08-05 11:22:56","Lutte contre le racisme et la xénophobie, Droits humains, Justice sociale","Droits humains, Lutte contre le racisme et la xénophobie","Je ne sais pas","Oui, plutôt","Les responsables politiques, Les citoyen·nes, Les associations","En partie","Non, pas vraiment","Non, pas vraiment","Important","Oui, plutôt","Oui, plutôt","Ses propositions concrètes","juste","Gauche","Aux médias traditionnels (télévision, radio, journaux, magazines et affichage)","Médias (TV, radio, presse), Réseaux sociaux","true","true","false","false","false","false","false","Non","Rejoindre une association, Voter","false","false","false","false","true","false","true","false","Oui, tout à fait","Manque de confiance envers les politiques, Difficulté à comprendre les enjeux","true","false","false","false","false","true","false","Mieux comprendre les programmes, Se sentir mieux représenté·es","true","false","false","true","false","Oui","Oui","20","Femme","Baccalauréat général, technologique, professionnel","Étudiant·e","75 - Paris"
"NqMjNbO","aQobbGZ","2026-08-05 11:45:13","Droits humains, Santé mentale (stress, anxiété, dépression)","Justice climatique et protection de l’environnement (biodiversité, réduction des déchets), Santé mentale (stress, anxiété, dépression)","Non, pas vraiment","Oui, plutôt","Les responsables politiques, Les citoyen·nes, Les associations","Non","Non, pas vraiment","Oui, plutôt","Peu important","Non, pas du tout","Non, pas vraiment","Son expérience","","Droite","Aux réseaux sociaux","Médias (TV, radio, presse), Entourage (ami·es, famille)","false","true","false","true","false","false","false","Oui","Rejoindre une association, Participer à des ateliers, débats","true","false","false","false","true","false","false","false","Non, pas vraiment","Manque de confiance envers les politiques, Difficulté à comprendre les enjeux","true","false","false","false","false","true","false","Mieux comprendre les programmes, Se sentir concerné·e par les enjeux","true","true","false","false","false","Oui","Je ne sais pas","23","Homme","Baccalauréat général, technologique, professionnel","En emploi","42 - Loire"
"EqvRVVo","aQobbAv","2026-08-05 11:46:37","Santé mentale (stress, anxiété, dépression), Accès à la culture, Santé (prévention)","Éducation (orientation, égalité des chances), Santé mentale (stress, anxiété, dépression)","Je ne sais pas","Oui, plutôt","Les responsables politiques, Les associations, Les citoyen·nes","En partie","Oui, plutôt","Non, pas vraiment","Très important","Non, pas vraiment","Non, pas vraiment","Ses propositions concrètes","Réfléchi ","Pas d’idée précise..","Aux médias traditionnels (télévision, radio, journaux, magazines et affichage)","Entourage (ami·es, famille), Réseaux sociaux","true","false","false","true","false","false","false","Oui","Rejoindre une association, Voter","false","false","false","false","true","false","true","false","Oui, tout à fait","Manque de confiance envers les politiques, Manque d’intérêt","true","false","false","true","false","false","false","Se sentir concerné·e par les enjeux, Avoir plus confiance dans les candidat·es","false","true","true","false","false","Oui","Oui","18","Femme","Baccalauréat général, technologique, professionnel","Étudiant·e","75 - Paris"
"aOKRNMZ","Gx4vpbz","2026-08-05 12:32:40","Santé mentale (stress, anxiété, dépression), Lutte contre le racisme et la xénophobie, Éducation (orientation, égalité des chances)","Droits des femmes, Lutte contre le racisme et la xénophobie","Non, pas vraiment","Non, pas vraiment","Les associations, Les citoyen·nes, Les responsables politiques","En partie","Non, pas vraiment","Non, pas vraiment","Très important","Oui, plutôt","Non, pas vraiment","Ses propositions concrètes","compréhensif","Centre-gauche","Aux médias traditionnels (télévision, radio, journaux, magazines et affichage)","Réseaux sociaux, Médias (TV, radio, presse)","true","true","false","false","false","false","false","Oui","Rejoindre une association, Voter","false","false","false","false","true","false","true","false","Oui, tout à fait","Manque de représentativité","false","true","false","false","false","false","false","Se sentir concerné·e par les enjeux, Se sentir mieux représenté·es","false","true","false","true","false","Non","","15","Femme","Brevet des collèges","Lycéen·ne","13 - Bouches-du-Rhône"
"WJDL86v","LZN1d1O","2026-08-05 13:01:29","Accès à la culture, Éducation (orientation, égalité des chances), Santé mentale (stress, anxiété, dépression)","Accès à la culture, Éducation (orientation, égalité des chances)","Oui, plutôt","Oui, plutôt","Les responsables politiques, Les associations, Les citoyen·nes","Oui, intégralement","Non, pas vraiment","Non, pas vraiment","Important","Oui, plutôt","Non, pas vraiment","Ses propositions concrètes","Honnête ","Centre-gauche","Aux médias traditionnels (télévision, radio, journaux, magazines et affichage)","Réseaux sociaux, Médias (TV, radio, presse)","true","true","false","false","false","false","false","Oui","Participer à des ateliers, débats, Manifester dans la rue","true","false","false","false","false","true","false","false","Oui, tout à fait","Manque d’intérêt, Difficulté à comprendre les enjeux","false","false","false","true","false","true","false","Mieux comprendre les programmes, Se sentir concerné·e par les enjeux","true","true","false","false","false","Oui","Oui","20","Femme","Bac+2 ou diplôme de niveau équivalent","Étudiant·e","37 - Indre-et-Loire"
"VpvK5Lv","A7GPlXe","2026-08-05 13:06:12","Droits des femmes, Droits humains, Santé mentale (stress, anxiété, dépression)","Justice climatique et protection de l’environnement (biodiversité, réduction des déchets), Lutte contre le racisme et la xénophobie","Je ne sais pas","Non, pas du tout","Les citoyen·nes, Les associations, Les responsables politiques","Oui, intégralement","Oui, plutôt","Non, pas vraiment","Très important","Oui, tout à fait","Non, pas vraiment","Ses propositions concrètes","Équitable ","Centre-gauche","Aux réseaux sociaux","Médias (TV, radio, presse), Réseaux sociaux","true","true","false","false","false","false","false","Oui","Participer à des ateliers, débats, Rejoindre une association","true","false","false","false","true","false","false","false","Oui, tout à fait","Manque de confiance envers les politiques, Difficulté à comprendre les enjeux","true","false","false","false","false","true","false","Avoir plus confiance dans les candidat·es, Mieux comprendre les programmes","true","false","true","false","false","Non","","16","Femme","Baccalauréat général, technologique, professionnel","Lycéen·ne","06 - Alpes-Maritimes"
"je5jBRx","eqlZEPe","2026-08-05 13:17:57","Droits des femmes, Droits humains, Lutte contre le racisme et la xénophobie","Éducation (orientation, égalité des chances), Justice sociale","Non, pas vraiment","Non, pas du tout","Les responsables politiques, Les citoyen·nes, Les associations","Oui, intégralement","Non, pas vraiment","Non, pas vraiment","Important","Oui, tout à fait","Non, pas du tout","Ses propositions concrètes","empathique","Extrême-gauche","Aux réseaux sociaux","Milieu scolaire / réseau étudiant, Réseaux sociaux","true","false","false","false","true","false","false","Oui","Manifester dans la rue, Rejoindre une association","false","false","false","false","true","true","false","false","Oui, plutôt","Manque d’accès à l’information, Difficulté à comprendre les enjeux","false","false","true","false","false","true","false","Se sentir concerné·e par les enjeux, Mieux comprendre les programmes","true","true","false","false","false","Oui","Oui","20","Femme","Bac+2 ou diplôme de niveau équivalent","Étudiant·e","34 - Hérault"
"M1vWMYg","KYZQW1M","2026-08-05 14:00:35","Droits humains, Justice climatique et protection de l’environnement (biodiversité, réduction des déchets), Lutte contre le racisme et la xénophobie","Justice climatique et protection de l’environnement (biodiversité, réduction des déchets), Droits des femmes","Non, pas du tout","Non, pas vraiment","Les responsables politiques, Les associations, Les citoyen·nes","En partie","Non, pas vraiment","Non, pas vraiment","Très important","Oui, tout à fait","Non, pas vraiment","Ses propositions concrètes","Inclusif","Gauche","Aux médias traditionnels (télévision, radio, journaux, magazines et affichage)","Réseaux sociaux, Médias (TV, radio, presse)","true","true","false","false","false","false","false","Oui","Créer du contenu (vidéo, réseaux sociaux), Rejoindre une association","false","false","true","false","true","false","false","false","Oui, tout à fait","Manque de confiance envers les politiques, Manque de représentativité","true","true","false","false","false","false","false","Avoir plus confiance dans les candidat·es, Se sentir mieux représenté·es","false","false","true","true","false","Non","","16","Femme","Baccalauréat général, technologique, professionnel","Lycéen·ne","78 - Yvelines"
"0V1KAV0","vG1jdNQ","2026-08-05 14:06:58","Droits humains, Lutte contre la désinformation, Justice climatique et protection de l’environnement (biodiversité, réduction des déchets)","Justice climatique et protection de l’environnement (biodiversité, réduction des déchets), Droits humains","Non, pas du tout","Non, pas du tout","Les citoyen·nes, Les associations, Les responsables politiques","Oui, intégralement","Non, pas du tout","Non, pas du tout","Important","Oui, tout à fait","Non, pas du tout","Ses propositions concrètes","","Gauche","Aux médias traditionnels (télévision, radio, journaux, magazines et affichage)","Médias (TV, radio, presse), Entourage (ami·es, famille)","false","true","false","true","false","false","false","Oui","Rejoindre une association, Participer à des ateliers, débats","true","false","false","false","true","false","false","false","Oui, tout à fait","Difficulté à comprendre les enjeux, Manque de représentativité","false","true","false","false","false","true","false","Se sentir concerné·e par les enjeux, Se sentir mieux représenté·es","false","true","false","true","false","Oui","Oui","23","Femme","Bac+5, ou diplôme de niveau équivalent","Étudiant·e","75 - Paris"
"o9KqZYO","gD1jpLl","2026-08-05 14:37:04","Alimentation durable, Justice climatique et protection de l’environnement (biodiversité, réduction des déchets), Sécurité","Justice climatique et protection de l’environnement (biodiversité, réduction des déchets), Lutte contre la désinformation","Non, pas du tout","Non, pas vraiment","Les responsables politiques, Les associations, Les citoyen·nes","Oui, intégralement","Non, pas vraiment","Non, pas vraiment","Important","Oui, plutôt","Non, pas vraiment","Ses propositions concrètes","Un individu honnête, éduqué, sans problème avec la justice, ouvert sur le monde, à l’écoute des attentes des citoyens, fort sur la scène internationale afin de faire passer ses idéaux à plus grande échelle, favorable à une vie humaine sur Terre dans les prochaines décennies (=engagé pour la protection de l’environnement)","Centre-gauche","Aux médias traditionnels (télévision, radio, journaux, magazines et affichage)","Entourage (ami·es, famille), Médias (TV, radio, presse)","false","true","false","true","false","false","false","Non","Participer à des ateliers, débats, Rejoindre une association","true","false","false","false","true","false","false","false","Oui, tout à fait","Manque d’intérêt, Manque de confiance envers les politiques","true","false","false","true","false","false","false","Se sentir concerné·e par les enjeux, Avoir plus confiance dans les candidat·es","false","true","true","false","false","Oui","Oui","17","Femme","Baccalauréat général, technologique, professionnel","Étudiant·e","06 - Alpes-Maritimes"
"vXEllV8","vG1jVLQ","2026-08-05 15:00:56","Droits des femmes, Éducation (orientation, égalité des chances), Santé mentale (stress, anxiété, dépression)","Éducation (orientation, égalité des chances), Économie","Non, pas vraiment","Non, pas du tout","Les citoyen·nes, Les associations, Les responsables politiques","Oui, intégralement","Non, pas du tout","Non, pas du tout","Important","Oui, plutôt","Non, pas vraiment","Ses propositions concrètes","Honnête ","Centre-gauche","Aux sites internet","Internet (sites d’information), Structures jeunesse (missions locales, associations…)","false","false","true","false","false","true","false","Oui","Participer à des ateliers, débats, Signer, lancer ou relayer des pétitions","true","true","false","false","false","false","false","false","Oui, tout à fait","Manque de confiance envers les politiques, Difficulté à comprendre les enjeux","true","false","false","false","false","true","false","Se sentir concerné·e par les enjeux, Avoir plus confiance dans les candidat·es","false","true","true","false","false","Non","Je ne sais pas","15","Femme","Brevet des collèges","Lycéen·ne","26 - Drôme"
"xV4GJXy","1AyP8WL","2026-08-05 15:48:34","Justice climatique et protection de l’environnement (biodiversité, réduction des déchets), Droits humains, Éducation (orientation, égalité des chances)","Justice climatique et protection de l’environnement (biodiversité, réduction des déchets), Sécurité","Oui, plutôt","Non, pas vraiment","Les responsables politiques, Les associations, Les citoyen·nes","En partie","Non, pas vraiment","Non, pas vraiment","Important","Oui, plutôt","Non, pas vraiment","Ses propositions concrètes","Juste","Je préfère ne pas répondre","Aux réseaux sociaux","Réseaux sociaux, Médias (TV, radio, presse)","true","true","false","false","false","false","false","Non","Rejoindre une association","false","false","false","false","true","false","false","false","Oui, tout à fait","Manque de temps","false","false","false","false","true","false","false","Mieux comprendre les programmes, Avoir plus confiance dans les candidat·es","true","false","true","false","false","Non","","16","Femme","Brevet des collèges","Lycéen·ne","69 - Rhône"
"9NpeJJ1","81y1qKO","2026-08-05 16:30:28","Politique étrangère, Justice climatique et protection de l’environnement (biodiversité, réduction des déchets), Droits humains","Justice climatique et protection de l’environnement (biodiversité, réduction des déchets), Politique étrangère","Non, pas vraiment","Oui, plutôt","Les responsables politiques, Les citoyen·nes, Les associations","En partie","Oui, plutôt","Non, pas vraiment","Important","Oui, tout à fait","Non, pas vraiment","Ses propositions concrètes","Honnete","Centre-gauche","Aux médias traditionnels (télévision, radio, journaux, magazines et affichage)","Réseaux sociaux, Médias (TV, radio, presse)","true","true","false","false","false","false","false","Oui","Rejoindre une association, Voter","false","false","false","false","true","false","true","false","Oui, tout à fait","Manque de représentativité, Manque de confiance envers les politiques","true","true","false","false","false","false","false","Avoir plus confiance dans les candidat·es, Se sentir mieux représenté·es","false","false","true","true","false","Oui","Oui","18","Femme","Baccalauréat général, technologique, professionnel","Étudiant·e","93 - Seine-Saint-Denis"
"NqMz4dW","MeqeDK0","2026-08-05 16:35:17","Droits humains, Santé mentale (stress, anxiété, dépression), Justice climatique et protection de l’environnement (biodiversité, réduction des déchets)","Justice climatique et protection de l’environnement (biodiversité, réduction des déchets), Santé mentale (stress, anxiété, dépression)","Non, pas vraiment","Non, pas vraiment","Les associations, Les citoyen·nes, Les responsables politiques","Oui, intégralement","Non, pas du tout","Non, pas vraiment","Important","Oui, tout à fait","Non, pas vraiment","Ses propositions concrètes","Attentif","Je préfère ne pas répondre","Aux médias traditionnels (télévision, radio, journaux, magazines et affichage)","Internet (sites d’information), Entourage (ami·es, famille)","false","false","true","true","false","false","false","Oui","Rejoindre une association, Voter","false","false","false","false","true","false","true","false","Oui, tout à fait","Manque de représentativité, Manque de confiance envers les politiques","true","true","false","false","false","false","false","Se sentir mieux représenté·es","false","false","false","true","false","Oui","Oui","20","Femme","Bac+2 ou diplôme de niveau équivalent","Étudiant·e","54 - Meurthe-et-Moselle"
"LDv8vP1","EkEkddL","2026-08-05 16:42:41","Droits des femmes, Harcèlement scolaire, Santé mentale (stress, anxiété, dépression)","Droits humains, Justice climatique et protection de l’environnement (biodiversité, réduction des déchets)","Non, pas vraiment","Oui, plutôt","Les responsables politiques, Les associations, Les citoyen·nes","En partie","Non, pas vraiment","Non, pas vraiment","Très important","Oui, tout à fait","Non, pas vraiment","Ses propositions concrètes","Efficace","Centre-gauche","Aux médias traditionnels (télévision, radio, journaux, magazines et affichage)","Réseaux sociaux, Médias (TV, radio, presse)","true","true","false","false","false","false","false","Non","Rejoindre une association, Voter","false","false","false","false","true","false","true","false","Oui, tout à fait","Manque de confiance envers les politiques, Manque de représentativité","true","true","false","false","false","false","false","Avoir plus confiance dans les candidat·es, Se sentir mieux représenté·es","false","false","true","true","false","Oui","Oui","20","Femme","Bac+2 ou diplôme de niveau équivalent","Étudiant·e","69 - Rhône"
"Vpvr6Dg","xX1XPZy","2026-08-05 17:57:59","Droits humains, Harcèlement scolaire, Éducation (orientation, égalité des chances)","Harcèlement scolaire, Logement","Non, pas vraiment","Non, pas vraiment","Les associations, Les responsables politiques, Les citoyen·nes","En partie","Oui, tout à fait","Non, pas vraiment","Très important","Oui, tout à fait","Non, pas du tout","Ses propositions concrètes","Actif ","Gauche","Aux médias traditionnels (télévision, radio, journaux, magazines et affichage)","Médias (TV, radio, presse), Internet (sites d’information)","false","true","true","false","false","false","false","Non","Rejoindre une association, Participer à des ateliers, débats","true","false","false","false","true","false","false","false","Oui, tout à fait","Manque de confiance envers les politiques, Difficulté à comprendre les enjeux","true","false","false","false","false","true","false","Mieux comprendre les programmes, Se sentir concerné·e par les enjeux","true","true","false","false","false","Non","","15","Femme","Brevet des collèges","Lycéen·ne","44 - Loire-Atlantique"
"NqMk5Vp","pb1bJZZ","2026-08-05 18:38:03","Droits des femmes, Justice climatique et protection de l’environnement (biodiversité, réduction des déchets), Harcèlement scolaire","Justice climatique et protection de l’environnement (biodiversité, réduction des déchets), Santé mentale (stress, anxiété, dépression)","Non, pas vraiment","Non, pas vraiment","Les citoyen·nes, Les responsables politiques, Les associations","En partie","Oui, tout à fait","Non, pas vraiment","Peu important","Non, pas vraiment","Non, pas vraiment","Ses propositions concrètes","Compétant ","Gauche","Aux médias traditionnels (télévision, radio, journaux, magazines et affichage)","Médias (TV, radio, presse), Réseaux sociaux","true","true","false","false","false","false","false","Oui","Rejoindre une association, Voter","false","false","false","false","true","false","true","false","Oui, tout à fait","Difficulté à comprendre les enjeux, Manque d’accès à l’information","false","false","true","false","false","true","false","Mieux comprendre les programmes, Se sentir mieux représenté·es","true","false","false","true","false","Non","","15","Femme","Brevet des collèges","Lycéen·ne","84 - Vaucluse"
"PRvKO0B","Pdedgje","2026-08-05 19:18:38","Droits des femmes, Droits des personnes LGBTQIA+, Santé mentale (stress, anxiété, dépression)","Droits humains, Justice climatique et protection de l’environnement (biodiversité, réduction des déchets)","Non, pas du tout","Oui, plutôt","Les citoyen·nes, Les associations, Les responsables politiques","En partie","Non, pas vraiment","Non, pas du tout","Très important","Oui, tout à fait","Non, pas du tout","Ses propositions concrètes","Engagé.e","Extrême-gauche","Aux médias traditionnels (télévision, radio, journaux, magazines et affichage)","Médias (TV, radio, presse), Internet (sites d’information)","false","true","true","false","false","false","false","Oui","Manifester dans la rue, Voter","false","false","false","false","false","true","true","false","Oui, tout à fait","Manque de confiance envers les politiques, Difficulté à comprendre les enjeux","true","false","false","false","false","true","false","Mieux comprendre les programmes, Se sentir mieux représenté·es","true","false","false","true","false","Non","","15","Femme","Brevet des collèges","Lycéen·ne","77 - Seine-et-Marne"
"je5N0a4","jaYa4E9","2026-08-05 20:09:29","Harcèlement scolaire, Droits humains, Justice climatique et protection de l’environnement (biodiversité, réduction des déchets)","Justice climatique et protection de l’environnement (biodiversité, réduction des déchets), Droits humains","Non, pas vraiment","Oui, plutôt","Les citoyen·nes, Les associations, Les responsables politiques","En partie","Oui, plutôt","Non, pas vraiment","Important","Non, pas du tout","Non, pas vraiment","Ses propositions concrètes","Ouvert d'esprit ","Gauche","Aux médias traditionnels (télévision, radio, journaux, magazines et affichage)","Médias (TV, radio, presse), Entourage (ami·es, famille)","false","true","false","true","false","false","false","Oui","Rejoindre une association, Voter","false","false","false","false","true","false","true","false","Oui, tout à fait","Manque d’accès à l’information, Difficulté à comprendre les enjeux","false","false","true","false","false","true","false","Se sentir concerné·e par les enjeux, Se sentir mieux représenté·es","false","true","false","true","false","Oui","Oui","21","Femme","Bac+3 ou +4, ou diplôme de niveau équivalent","Étudiant·e","31 - Haute-Garonne"
"peRlaJV","lb1BL1B","2026-08-06 06:24:18","Droits des personnes LGBTQIA+, Harcèlement scolaire, Justice climatique et protection de l’environnement (biodiversité, réduction des déchets)","Justice climatique et protection de l’environnement (biodiversité, réduction des déchets), Lutte contre le racisme et la xénophobie","Oui, plutôt","Oui, tout à fait","Les citoyen·nes, Les associations, Les responsables politiques","En partie","Non, pas vraiment","Non, pas vraiment","Important","Oui, plutôt","Oui, plutôt","Ses propositions concrètes","","Gauche","Aux sites internet","Médias (TV, radio, presse), Réseaux sociaux","true","true","false","false","false","false","false","Oui","Manifester dans la rue, Rejoindre une association","false","false","false","false","true","true","false","false","Oui, plutôt","Manque de confiance envers les politiques, Manque d’intérêt","true","false","false","true","false","false","false","Avoir plus confiance dans les candidat·es, Se sentir concerné·e par les enjeux","false","true","true","false","false","Non","","15","Homme","Brevet des collèges","Lycéen·ne","51 - Marne"
"GeXNxdO","PdepBMV","2026-08-06 06:49:37","Droits des femmes, Éducation (orientation, égalité des chances), Droits humains","Économie, Justice sociale","Non, pas du tout","Non, pas vraiment","Les responsables politiques, Les citoyen·nes, Les associations","En partie","Non, pas vraiment","Non, pas du tout","Important","Oui, plutôt","Non, pas vraiment","Ses propositions concrètes","juste","Gauche","Aux médias traditionnels (télévision, radio, journaux, magazines et affichage)","Médias (TV, radio, presse), Réseaux sociaux","true","true","false","false","false","false","false","Oui","Rejoindre une association, Manifester dans la rue","false","false","false","false","true","true","false","false","Oui, plutôt","Manque de représentativité, Difficulté à comprendre les enjeux","false","true","false","false","false","true","false","Mieux comprendre les programmes, Se sentir concerné·e par les enjeux","true","true","false","false","false","Non","","16","Femme","Brevet des collèges","Lycéen·ne","28 - Eure-et-Loir"
"4aAWPAr","MeqXQOE","2026-08-06 08:21:34","Droits des femmes, Droits humains, Lutte contre les discriminations religieuses","Droits humains, Lutte contre les discriminations religieuses","Non, pas du tout","Non, pas du tout","Les responsables politiques, Les associations, Les citoyen·nes","En partie","Non, pas vraiment","Non, pas vraiment","Important","Oui, tout à fait","Non, pas du tout","Son appartenance politique, son parti","Une présidente juste et équitable ","Je préfère ne pas répondre","Aux sites internet","Internet (sites d’information), Réseaux sociaux","true","false","true","false","false","false","false","Oui","Participer à des ateliers, débats, Rejoindre une association","true","false","false","false","true","false","false","false","Oui, tout à fait","Manque d’intérêt, Manque de confiance envers les politiques","true","false","false","true","false","false","false","Se sentir concerné·e par les enjeux, Se sentir mieux représenté·es","false","true","false","true","false","Oui","Oui","17","Femme","Brevet des collèges","Lycéen·ne","54 - Meurthe-et-Moselle"
"VpbEpZy","1AykkoW","2026-08-06 10:31:57","Lutte contre les discriminations religieuses, Lutte contre les violences policières, Éducation (orientation, égalité des chances)","Éducation (orientation, égalité des chances), Lutte contre les discriminations religieuses","Non, pas du tout","Non, pas du tout","Les citoyen·nes, Les associations, Les responsables politiques","En partie","Non, pas du tout","Non, pas vraiment","Très important","Oui, tout à fait","Non, pas vraiment","Ses propositions concrètes","Généreux ","Je préfère ne pas répondre","Aux réseaux sociaux","Réseaux sociaux, Entourage (ami·es, famille)","true","false","false","true","false","false","false","Oui","Rejoindre une association, Participer à des ateliers, débats","true","false","false","false","true","false","false","false","Oui, tout à fait","Manque de confiance envers les politiques, Difficulté à comprendre les enjeux","true","false","false","false","false","true","false","Mieux comprendre les programmes, Avoir plus confiance dans les candidat·es","true","false","true","false","false","Non","Je ne sais pas","17","Femme","Brevet des collèges","Lycéen·ne","54 - Meurthe-et-Moselle"
"X58lBW4","dW1NjKK","2026-08-06 11:41:25","Droits des femmes, Droits humains, Politique étrangère","Droits humains, Droits des femmes","Oui, tout à fait","Oui, tout à fait","Les responsables politiques, Les citoyen·nes, Les associations","En partie","Non, pas vraiment","Non, pas vraiment","Important","Non, pas vraiment","Non, pas vraiment","Ses propositions concrètes","Polyvalent ","Je préfère ne pas répondre","Aux médias traditionnels (télévision, radio, journaux, magazines et affichage)","Médias (TV, radio, presse), Internet (sites d’information)","false","true","true","false","false","false","false","Oui","Créer du contenu (vidéo, réseaux sociaux), Participer à des ateliers, débats","true","false","true","false","false","false","false","false","Oui, tout à fait","Manque de représentativité, Difficulté à comprendre les enjeux","false","true","false","false","false","true","false","Mieux comprendre les programmes, Se sentir concerné·e par les enjeux","true","true","false","false","false","Non","","16","Femme","Brevet des collèges","Lycéen·ne","95 - Val-d'Oise"
"yXoXpjW","ob1eXJx","2026-08-06 18:20:21","Droits des personnes LGBTQIA+, Droits des femmes, Accès à la culture","Justice sociale, Justice climatique et protection de l’environnement (biodiversité, réduction des déchets)","Non, pas vraiment","Non, pas du tout","Les citoyen·nes, Les responsables politiques, Les associations","En partie","Non, pas vraiment","Non, pas du tout","Très important","Oui, tout à fait","Non, pas du tout","Ses propositions concrètes","Humanitaire ","Gauche","Aux sites internet","Réseaux sociaux, Structures jeunesse (missions locales, associations…)","true","false","false","false","false","true","false","Oui","Participer à des ateliers, débats, Signer, lancer ou relayer des pétitions","true","true","false","false","false","false","false","false","Oui, tout à fait","Manque d’accès à l’information, Manque de représentativité","false","true","true","false","false","false","false","Se sentir mieux représenté·es, Mieux comprendre les programmes","true","false","false","true","false","Non","Non","16","Femme","Baccalauréat général, technologique, professionnel","Lycéen·ne","06 - Alpes-Maritimes"
"zEGE8NM","xX1Dxgk","2026-08-06 18:36:00","Justice sociale, Lutte contre le racisme et la xénophobie, Lutte contre les discriminations religieuses","Droits humains, Justice sociale","Non, pas vraiment","Oui, plutôt","Les responsables politiques, Les associations, Les citoyen·nes","En partie","Non, pas vraiment","Non, pas vraiment","Très important","Oui, tout à fait","Non, pas vraiment","Son appartenance politique, son parti","Juste ","Gauche","Aux médias traditionnels (télévision, radio, journaux, magazines et affichage)","Réseaux sociaux, Médias (TV, radio, presse)","true","true","false","false","false","false","false","Oui","Rejoindre une association, Voter","false","false","false","false","true","false","true","false","Oui, tout à fait","Manque de confiance envers les politiques, Difficulté à comprendre les enjeux","true","false","false","false","false","true","false","Se sentir concerné·e par les enjeux, Se sentir mieux représenté·es","false","true","false","true","false","Non","","16","Femme","Brevet des collèges","Lycéen·ne","40 - Landes"
"M16X1pX","b5ye75e","2026-08-06 19:34:59","Droits des femmes, Harcèlement scolaire, Santé mentale (stress, anxiété, dépression)","Droits des femmes, Santé mentale (stress, anxiété, dépression)","Non, pas vraiment","Je ne sais pas","Les responsables politiques, Les citoyen·nes, Les associations","En partie","Oui, plutôt","Non, pas vraiment","Important","Oui, plutôt","Non, pas vraiment","Ses propositions concrètes","Personne de confiance ","Gauche","Aux médias traditionnels (télévision, radio, journaux, magazines et affichage)","Réseaux sociaux, Internet (sites d’information)","true","false","true","false","false","false","false","Oui","Participer à des ateliers, débats, Signer, lancer ou relayer des pétitions","true","true","false","false","false","false","false","false","Oui, tout à fait","Manque de confiance envers les politiques, Manque d’intérêt","true","false","false","true","false","false","false","Se sentir concerné·e par les enjeux, Avoir plus confiance dans les candidat·es","false","true","true","false","false","Non","","16","Femme","Baccalauréat général, technologique, professionnel","Lycéen·ne","13 - Bouches-du-Rhône"
"jeJbG89","jaYlP7Q","2026-08-07 01:50:13","Sécurité, Droits des femmes, Alimentation durable","Droits des femmes, Sécurité","Non, pas vraiment","Oui, plutôt","Les citoyen·nes, Les associations, Les responsables politiques","En partie","Non, pas vraiment","Non, pas vraiment","Très important","Oui, plutôt","Non, pas du tout","Ses propositions concrètes","Proactif ","Centre","Aux médias traditionnels (télévision, radio, journaux, magazines et affichage)","Médias (TV, radio, presse)","false","true","false","false","false","false","false","Oui","Participer à des ateliers, débats, Rejoindre une association","true","false","false","false","true","false","false","false","Oui, tout à fait","Manque de représentativité","false","true","false","false","false","false","false","Se sentir concerné·e par les enjeux, Avoir plus confiance dans les candidat·es","false","true","true","false","false","Non","Non","15","Femme","Brevet des collèges","Lycéen·ne","75 - Paris"
"xVRM00E","b5yWJPL","2026-08-07 06:57:49","Lutte contre les discriminations religieuses, Santé (prévention), Accès à la culture","Lutte contre les discriminations religieuses, Justice sociale","Non, pas vraiment","Non, pas vraiment","Les responsables politiques, Les citoyen·nes, Les associations","En partie","Oui, plutôt","Non, pas vraiment","Important","Oui, tout à fait","Non, pas vraiment","Ses propositions concrètes","A l’écoute ","Je préfère ne pas répondre","Aux médias traditionnels (télévision, radio, journaux, magazines et affichage)","Médias (TV, radio, presse)","false","true","false","false","false","false","false","Oui","Rejoindre une association, Voter","false","false","false","false","true","false","true","false","Oui, tout à fait","Manque de confiance envers les politiques, Manque de représentativité","true","true","false","false","false","false","false","Se sentir concerné·e par les enjeux, Se sentir mieux représenté·es","false","true","false","true","false","Non","Oui","17","Femme","Baccalauréat général, technologique, professionnel","Lycéen·ne","94 - Val-de-Marne"
"e50aX2e","Pde58y0","2026-08-07 15:19:01","Santé mentale (stress, anxiété, dépression), Droits des femmes, Droits des animaux","Santé mentale (stress, anxiété, dépression), Justice climatique et protection de l’environnement (biodiversité, réduction des déchets)","Non, pas vraiment","Oui, plutôt","Les responsables politiques, Les associations, Les citoyen·nes","Non","Non, pas du tout","Non, pas du tout","Important","Oui, plutôt","Non, pas vraiment","Ses propositions concrètes","humaniste","Centre-droite","Aux sites internet","Je ne m’informe pas sur ce sujet","false","false","false","false","false","false","true","Oui","Participer à un projet artistique, Signer, lancer ou relayer des pétitions","false","true","false","true","false","false","false","false","Oui, tout à fait","Manque de confiance envers les politiques, Difficulté à comprendre les enjeux","true","false","false","false","false","true","false","Se sentir concerné·e par les enjeux, Avoir plus confiance dans les candidat·es","false","true","true","false","false","Non","","16","Femme","Brevet des collèges","Lycéen·ne","49 - Maine-et-Loire"
"DqxzEOX","WOBNJEj","2026-08-07 18:24:32","Droits des femmes, Lutte contre les violences policières, Santé mentale (stress, anxiété, dépression)","Droits des femmes, Lutte contre le racisme et la xénophobie","Non, pas vraiment","Non, pas vraiment","Les citoyen·nes, Les associations, Les responsables politiques","En partie","Oui, plutôt","Non, pas du tout","Très important","Non, pas vraiment","Non, pas du tout","Ses propositions concrètes","Comprehensive ","Extrême-gauche","Aux sites internet","Internet (sites d’information), Réseaux sociaux","true","false","true","false","false","false","false","Oui","Rejoindre une association, Manifester dans la rue","false","false","false","false","true","true","false","false","Non, pas vraiment","Manque d’accès à l’information, Difficulté à comprendre les enjeux","false","false","true","false","false","true","false","Se sentir concerné·e par les enjeux, Mieux comprendre les programmes","true","true","false","false","false","Non","","16","Femme","Brevet des collèges","Lycéen·ne","31 - Haute-Garonne"
"4a98epB","xX1d6dG","2026-08-08 06:51:24","Droits des femmes, Éducation (orientation, égalité des chances), Lutte contre le racisme et la xénophobie","Justice sociale, Lutte contre les violences policières","Non, pas du tout","Non, pas du tout","Les associations, Les citoyen·nes, Les responsables politiques","En partie","Non, pas vraiment","Non, pas du tout","Très important","Oui, plutôt","Non, pas du tout","Ses propositions concrètes","audacieux","Je préfère ne pas répondre","Aux réseaux sociaux","Entourage (ami·es, famille), Réseaux sociaux","true","false","false","true","false","false","false","Oui","Participer à des ateliers, débats, Rejoindre une association","true","false","false","false","true","false","false","false","Oui, tout à fait","Manque de confiance envers les politiques, Difficulté à comprendre les enjeux","true","false","false","false","false","true","false","Mieux comprendre les programmes, Avoir plus confiance dans les candidat·es","true","false","true","false","false","Non","Oui","17","Femme","Brevet des collèges","Lycéen·ne","54 - Meurthe-et-Moselle"
"9NRdzE1","7RzDDyR","2026-08-08 12:13:47","Lutte contre les violences policières, Protection des données et de la vie privée (numérique), Justice climatique et protection de l’environnement (biodiversité, réduction des déchets)","Justice climatique et protection de l’environnement (biodiversité, réduction des déchets), Protection des données et de la vie privée (numérique)","Non, pas vraiment","Oui, plutôt","Les responsables politiques, Les associations, Les citoyen·nes","En partie","Oui, plutôt","Oui, plutôt","Très important","Oui, plutôt","Non, pas vraiment","Son appartenance politique, son parti","Fiable","Gauche","Aux médias traditionnels (télévision, radio, journaux, magazines et affichage)","Entourage (ami·es, famille), Internet (sites d’information)","false","false","true","true","false","false","false","Oui","Voter, Rejoindre une association","false","false","false","false","true","false","true","false","Oui, plutôt","Manque de confiance envers les politiques, Manque d’intérêt","true","false","false","true","false","false","false","Avoir plus confiance dans les candidat·es, Se sentir concerné·e par les enjeux","false","true","true","false","false","Oui","Oui","22","Femme","Bac+3 ou +4, ou diplôme de niveau équivalent","Étudiant·e","69 - Rhône"
"o95OLRM","LZN0V12","2026-08-08 20:11:16","Droits des femmes, Justice climatique et protection de l’environnement (biodiversité, réduction des déchets), Justice sociale","Justice climatique et protection de l’environnement (biodiversité, réduction des déchets), Éducation (orientation, égalité des chances)","Oui, plutôt","Non, pas du tout","Les citoyen·nes, Les associations, Les responsables politiques","En partie","Non, pas vraiment","Non, pas vraiment","Très important","Oui, tout à fait","Non, pas vraiment","Ses propositions concrètes","Une femme qui écoute le peuple surtout les jeunes les minorités et la nature.","Extrême-gauche","Aux sites internet","Réseaux sociaux, Internet (sites d’information)","true","false","true","false","false","false","false","Oui","Participer à des ateliers, débats, Rejoindre une association","true","false","false","false","true","false","false","false","Oui, tout à fait","Manque de confiance envers les politiques, Manque de représentativité","true","true","false","false","false","false","false","Avoir plus confiance dans les candidat·es, Se sentir mieux représenté·es","false","false","true","true","false","Non","","15","Femme","Brevet des collèges","Lycéen·ne","83 - Var"
"aOAGRGv","jaYx25J","2026-08-08 20:33:44","Droits des femmes, Éducation (orientation, égalité des chances), Harcèlement scolaire","Éducation (orientation, égalité des chances), Harcèlement scolaire","Non, pas vraiment","Non, pas du tout","Les citoyen·nes, Les associations, Les responsables politiques","Oui, intégralement","Non, pas vraiment","Non, pas vraiment","Très important","Oui, plutôt","Non, pas vraiment","Ses propositions concrètes","Attentifs ","Je préfère ne pas répondre","Aux médias traditionnels (télévision, radio, journaux, magazines et affichage)","Médias (TV, radio, presse), Milieu scolaire / réseau étudiant","false","true","false","false","true","false","false","Oui","Participer à des ateliers, débats, Signer, lancer ou relayer des pétitions","true","true","false","false","false","false","false","false","Oui, tout à fait","Manque de confiance envers les politiques, Manque de représentativité","true","true","false","false","false","false","false","Mieux comprendre les programmes, Se sentir concerné·e par les enjeux","true","true","false","false","false","Oui","Oui","17","Femme","Brevet des collèges","Lycéen·ne","29 - Finistère"
"PRbBjd0","XxkYp5e","2026-08-09 15:39:15","Accès à la culture, Justice climatique et protection de l’environnement (biodiversité, réduction des déchets), Lutte contre le racisme et la xénophobie","Justice climatique et protection de l’environnement (biodiversité, réduction des déchets), Lutte contre le racisme et la xénophobie","Non, pas vraiment","Non, pas du tout","Les responsables politiques, Les citoyen·nes, Les associations","Oui, intégralement","Oui, plutôt","Non, pas vraiment","Très important","Oui, tout à fait","Non, pas vraiment","Ses propositions concrètes","Réaliste ","Gauche","Aux médias traditionnels (télévision, radio, journaux, magazines et affichage)","Réseaux sociaux, Médias (TV, radio, presse)","true","true","false","false","false","false","false","Oui","Créer du contenu (vidéo, réseaux sociaux), Manifester dans la rue","false","false","true","false","false","true","false","false","Oui, plutôt","Manque de confiance envers les politiques, Manque d’intérêt","true","false","false","true","false","false","false","Se sentir concerné·e par les enjeux, Se sentir mieux représenté·es","false","true","false","true","false","Non","Oui","17","Femme","Baccalauréat général, technologique, professionnel","Lycéen·ne","95 - Val-d'Oise"
"Z91RaP0","68yOJxo","2026-08-09 16:33:05","Droits humains, Droits des femmes, Lutte contre les discriminations religieuses","Justice climatique et protection de l’environnement (biodiversité, réduction des déchets), Santé mentale (stress, anxiété, dépression)","Non, pas vraiment","Oui, plutôt","Les responsables politiques, Les associations, Les citoyen·nes","En partie","Oui, plutôt","Non, pas vraiment","Important","Oui, tout à fait","Oui, plutôt","Ses propositions concrètes","A l’écoute ","Je préfère ne pas répondre","Aux médias traditionnels (télévision, radio, journaux, magazines et affichage)","Entourage (ami·es, famille), Médias (TV, radio, presse)","false","true","false","true","false","false","false","Non","Rejoindre une association, Voter","false","false","false","false","true","false","true","false","Oui, tout à fait","Manque d’intérêt, Difficulté à comprendre les enjeux","false","false","false","true","false","true","false","Se sentir concerné·e par les enjeux, Mieux comprendre les programmes","true","true","false","false","false","Oui","Oui","17","Femme","Baccalauréat général, technologique, professionnel","Étudiant·e","81 - Tarn"
"1WN2eNO","pb17kVV","2026-08-09 19:57:29","Droits des femmes, Accès à la culture, Santé mentale (stress, anxiété, dépression)","Éducation (orientation, égalité des chances), Droits des femmes","Non, pas vraiment","Oui, plutôt","Les responsables politiques, Les associations, Les citoyen·nes","En partie","Non, pas vraiment","Non, pas vraiment","Important","Oui, plutôt","Non, pas vraiment","Ses propositions concrètes","","Je préfère ne pas répondre","Aux médias traditionnels (télévision, radio, journaux, magazines et affichage)","Médias (TV, radio, presse), Entourage (ami·es, famille)","false","true","false","true","false","false","false","Oui","Rejoindre une association, Voter","false","false","false","false","true","false","true","false","Oui, tout à fait","Manque de confiance envers les politiques, Manque de représentativité","true","true","false","false","false","false","false","Mieux comprendre les programmes, Se sentir concerné·e par les enjeux","true","true","false","false","false","Non","","17","Femme","Brevet des collèges","Lycéen·ne","69 - Rhône"
"Qozx2lg","VLAMd6g","2026-08-09 20:52:15","Droits des animaux, Justice sociale, Droits humains","Droits humains, Éducation (orientation, égalité des chances)","Oui, plutôt","Non, pas vraiment","Les citoyen·nes, Les responsables politiques, Les associations","En partie","Oui, plutôt","Non, pas vraiment","Important","Oui, plutôt","Non, pas vraiment","Ses propositions concrètes","empathique ","Extrême-gauche","Aux sites internet","Réseaux sociaux, Internet (sites d’information)","true","false","true","false","false","false","false","Oui","Voter, Manifester dans la rue","false","false","false","false","false","true","true","false","Non, pas vraiment","Manque d’intérêt, Difficulté à comprendre les enjeux","false","false","false","true","false","true","false","Se sentir concerné·e par les enjeux","false","true","false","false","false","Oui","Oui","17","Femme","Brevet des collèges","Lycéen·ne","57 - Moselle"
"xVRgkkv","68ypyQO","2026-08-11 10:12:44","Éducation (orientation, égalité des chances), Justice climatique et protection de l’environnement (biodiversité, réduction des déchets), Droits humains","Éducation (orientation, égalité des chances), Lutte contre les discriminations religieuses","Oui, plutôt","Non, pas vraiment","Les responsables politiques, Les citoyen·nes, Les associations","Non","Oui, plutôt","Non, pas vraiment","Important","Oui, plutôt","Non, pas vraiment","Ses propositions concrètes","attentif","Gauche","Aux médias traditionnels (télévision, radio, journaux, magazines et affichage)","Entourage (ami·es, famille), Médias (TV, radio, presse)","false","true","false","true","false","false","false","Non","Rejoindre une association, Voter","false","false","false","false","true","false","true","false","Oui, tout à fait","Manque de confiance envers les politiques, Manque d’intérêt","true","false","false","true","false","false","false","Mieux comprendre les programmes, Se sentir concerné·e par les enjeux","true","true","false","false","false","Oui","Oui","17","Homme","Baccalauréat général, technologique, professionnel","Lycéen·ne","95 - Val-d'Oise"
"YjxWXjJ","q4M0LxG","2026-08-15 10:19:26","Justice climatique et protection de l’environnement (biodiversité, réduction des déchets), Justice sociale, Alimentation durable","Justice climatique et protection de l’environnement (biodiversité, réduction des déchets), Droits humains","Non, pas vraiment","Non, pas du tout","Les responsables politiques, Les citoyen·nes, Les associations","Oui, intégralement","Non, pas vraiment","Non, pas vraiment","Important","Oui, tout à fait","Non, pas du tout","Ses propositions concrètes","concret ","Gauche","Aux sites internet","Réseaux sociaux, Entourage (ami·es, famille)","true","false","false","true","false","false","false","Oui","Signer, lancer ou relayer des pétitions, Manifester dans la rue","false","true","false","false","false","true","false","false","Oui, tout à fait","Manque d’intérêt, Manque de représentativité","false","true","false","true","false","false","false","Se sentir concerné·e par les enjeux, Se sentir mieux représenté·es","false","true","false","true","false","Oui","Oui","18","Femme","Baccalauréat général, technologique, professionnel","Étudiant·e","14 - Calvados"
"GeQoVlk","ODeaWEk","2026-08-16 20:36:02","Droits humains, Lutte contre la désinformation, Justice climatique et protection de l’environnement (biodiversité, réduction des déchets)","Justice sociale, Justice climatique et protection de l’environnement (biodiversité, réduction des déchets)","Non, pas vraiment","Non, pas du tout","Les citoyen·nes, Les responsables politiques, Les associations","En partie","Oui, plutôt","Non, pas du tout","Très important","Oui, tout à fait","Non, pas du tout","Ses propositions concrètes","Juste","Centre-gauche","Aux sites internet","Internet (sites d’information), Médias (TV, radio, presse)","false","true","true","false","false","false","false","Oui","Manifester dans la rue, Signer, lancer ou relayer des pétitions","false","true","false","false","false","true","false","false","Oui, tout à fait","Manque de confiance envers les politiques, Manque de représentativité","true","true","false","false","false","false","false","Avoir plus confiance dans les candidat·es, Se sentir mieux représenté·es","false","false","true","true","false","Oui","Oui","22","Femme","Bac+5, ou diplôme de niveau équivalent","En emploi","06 - Alpes-Maritimes"
"WJjWaAv","gDxNOoN","2026-08-19 09:32:16","Justice sociale, Lutte contre les discriminations religieuses, Droits des femmes","Droits des femmes, Justice sociale","Non, pas vraiment","Non, pas vraiment","Les citoyen·nes, Les responsables politiques, Les associations","En partie","Non, pas vraiment","Non, pas vraiment","Important","Oui, plutôt","Non, pas vraiment","Son appartenance politique, son parti","À l’écoute ","Gauche","Aux médias traditionnels (télévision, radio, journaux, magazines et affichage)","Internet (sites d’information), Médias (TV, radio, presse)","false","true","true","false","false","false","false","Oui","Rejoindre une association, Voter","false","false","false","false","true","false","true","false","Oui, tout à fait","Manque d’accès à l’information, Manque d’intérêt","false","false","true","true","false","false","false","Se sentir concerné·e par les enjeux, Se sentir mieux représenté·es","false","true","false","true","false","Oui","Oui","19","Femme","Baccalauréat général, technologique, professionnel","Étudiant·e","92 - Hauts-de-Seine"
"PRGo9xP","EkrBAEN","2026-08-19 12:51:39","Justice climatique et protection de l’environnement (biodiversité, réduction des déchets), Transports et mobilités durables, Droits humains","Justice climatique et protection de l’environnement (biodiversité, réduction des déchets), Droits humains","Oui, plutôt","Oui, plutôt","Les responsables politiques, Les citoyen·nes, Les associations","Oui, intégralement","Non, pas du tout","Oui, tout à fait","Très important","Oui, tout à fait","Oui, plutôt","Ses propositions concrètes","Gentil","Centre-gauche","Aux médias traditionnels (télévision, radio, journaux, magazines et affichage)","Médias (TV, radio, presse), Internet (sites d’information)","false","true","true","false","false","false","false","Oui","Participer à un projet artistique, Rejoindre une association","false","false","false","true","true","false","false","false","Oui, tout à fait","Manque de confiance envers les politiques, Difficulté à comprendre les enjeux","true","false","false","false","false","true","false","Avoir plus confiance dans les candidat·es, Mieux comprendre les programmes","true","false","true","false","false","Oui","Oui","21","Homme","Bac+3 ou +4, ou diplôme de niveau équivalent","Étudiant·e","75 - Paris"
"o9kWyde","MeQ8Jv8","2026-08-19 15:04:37","Accès à la culture, Justice sociale, Protection des données et de la vie privée (numérique)","Justice climatique et protection de l’environnement (biodiversité, réduction des déchets), Lutte contre la désinformation","Non, pas vraiment","Non, pas du tout","Les responsables politiques, Les associations, Les citoyen·nes","En partie","Non, pas vraiment","Non, pas du tout","Très important","Oui, tout à fait","Non, pas du tout","Ses propositions concrètes","pragmatique ","Centre-gauche","Aux médias traditionnels (télévision, radio, journaux, magazines et affichage)","Médias (TV, radio, presse), Réseaux sociaux","true","true","false","false","false","false","false","Oui","Participer à des ateliers, débats, Voter","true","false","false","false","false","false","true","false","Oui, tout à fait","Manque d’accès à l’information","false","false","true","false","false","false","false","Mieux comprendre les programmes","true","false","false","false","false","Non","","17","Femme","Brevet des collèges","Lycéen·ne","30 - Gard"
"4az46dB","EkrM01B","2026-08-20 09:20:24","Droits des femmes, Justice climatique et protection de l’environnement (biodiversité, réduction des déchets), Justice sociale","Justice sociale, Justice climatique et protection de l’environnement (biodiversité, réduction des déchets)","Non, pas vraiment","Non, pas vraiment","Les responsables politiques, Les associations, Les citoyen·nes","En partie","Non, pas vraiment","Non, pas du tout","Très important","Oui, plutôt","Non, pas vraiment","Ses propositions concrètes","Un.e président.e qui se préoccupe de justice sociale, climatique, qui s'intéresse à la santé mentale des Français.e (notamment les jeunes) et met en place des mesures concrètes pour pallier de la meilleure des façons à la crise environnementale et économique. Il organise des assemblées citoyennes , réunit des professionnels sur les sujets d'actualité MAIS PREND VRAIMENT en compte leur avis ! ","Ecologiste","Aux médias traditionnels (télévision, radio, journaux, magazines et affichage)","Médias (TV, radio, presse), Entourage (ami·es, famille)","false","true","false","true","false","false","false","Oui","Rejoindre une association, Participer à un projet artistique","false","false","false","true","true","false","false","false","Oui, tout à fait","Manque de confiance envers les politiques, Manque de représentativité","true","true","false","false","false","false","false","Avoir plus confiance dans les candidat·es, Se sentir mieux représenté·es","false","false","true","true","false","Oui","Oui","17","Femme","Brevet des collèges","Lycéen·ne","49 - Maine-et-Loire"
"Ge59yqZ","BzV9Nee","2026-08-20 19:03:01","Droits des femmes, Droits des personnes LGBTQIA+, Sécurité","Emploi, Logement","Non, pas vraiment","Oui, plutôt","Les citoyen·nes, Les responsables politiques, Les associations","En partie","Non, pas vraiment","Non, pas vraiment","Important","Non, pas vraiment","Non, pas vraiment","Son appartenance politique, son parti","Juste","Gauche","Aux réseaux sociaux","Médias (TV, radio, presse), Internet (sites d’information)","false","true","true","false","false","false","false","Oui","Rejoindre une association, Manifester dans la rue","false","false","false","false","true","true","false","false","Oui, tout à fait","Manque d’intérêt, Manque de représentativité","false","true","false","true","false","false","false","Se sentir mieux représenté·es, Se sentir concerné·e par les enjeux","false","true","false","true","false","Non","","16","Femme","Je préfère ne pas répondre","Lycéen·ne","42 - Loire"
"e5vBLNk","9qgykpQ","2026-08-21 14:52:24","Justice sociale, Justice climatique et protection de l’environnement (biodiversité, réduction des déchets), Droits des personnes LGBTQIA+","Justice climatique et protection de l’environnement (biodiversité, réduction des déchets), Justice sociale","Non, pas vraiment","Non, pas du tout","Les responsables politiques, Les associations, Les citoyen·nes","Oui, intégralement","Non, pas vraiment","Non, pas vraiment","Très important","Oui, tout à fait","Non, pas vraiment","Ses propositions concrètes","Juste","Centre-gauche","Aux médias traditionnels (télévision, radio, journaux, magazines et affichage)","Médias (TV, radio, presse), Internet (sites d’information)","false","true","true","false","false","false","false","Oui","Rejoindre une association, Voter","false","false","false","false","true","false","true","false","Oui, tout à fait","Manque de confiance envers les politiques, Manque de représentativité","true","true","false","false","false","false","false","Avoir plus confiance dans les candidat·es, Se sentir mieux représenté·es","false","false","true","true","false","Oui","Oui","24","Homme","Bac+5, ou diplôme de niveau équivalent","Sans emploi","44 - Loire-Atlantique"
"2j74LDj","WOkBWjj","2026-08-21 14:52:39","Droits des femmes, Harcèlement scolaire, Lutte contre la désinformation","Droits des femmes, Harcèlement scolaire","Non, pas vraiment","Non, pas vraiment","Les associations, Les citoyen·nes, Les responsables politiques","En partie","Non, pas vraiment","Non, pas vraiment","Très important","Oui, tout à fait","Oui, plutôt","Ses propositions concrètes","Présent.e","Centre","Aux médias traditionnels (télévision, radio, journaux, magazines et affichage)","Médias (TV, radio, presse), Structures jeunesse (missions locales, associations…)","false","true","false","false","false","true","false","Oui","Manifester dans la rue, Voter","false","false","false","false","false","true","true","false","Oui, tout à fait","Manque de représentativité, Manque de confiance envers les politiques","true","true","false","false","false","false","false","Mieux comprendre les programmes, Se sentir concerné·e par les enjeux","true","true","false","false","false","Non","Oui","16","Femme","Brevet des collèges","Lycéen·ne","25 - Doubs"
"OQkALk7","jaqYRvx","2026-08-21 14:52:45","Droits des personnes LGBTQIA+, Justice climatique et protection de l’environnement (biodiversité, réduction des déchets), Transports et mobilités durables","Économie, Justice climatique et protection de l’environnement (biodiversité, réduction des déchets)","Non, pas vraiment","Non, pas vraiment","Les associations, Les citoyen·nes, Les responsables politiques","En partie","Oui, plutôt","Non, pas vraiment","Important","Oui, plutôt","Non, pas vraiment","Son appartenance politique, son parti","rassembleur ","Gauche","Aux médias traditionnels (télévision, radio, journaux, magazines et affichage)","Réseaux sociaux, Médias (TV, radio, presse)","true","true","false","false","false","false","false","Oui","Rejoindre une association, Voter","false","false","false","false","true","false","true","false","Oui, tout à fait","Manque d’accès à l’information, Manque d’intérêt","false","false","true","true","false","false","false","Se sentir concerné·e par les enjeux, Avoir plus confiance dans les candidat·es","false","true","true","false","false","Oui","Oui","23","Homme","Bac+5, ou diplôme de niveau équivalent","En emploi","44 - Loire-Atlantique"
"pevLPaJ","7RgzQyL","2026-08-21 15:05:00","Justice climatique et protection de l’environnement (biodiversité, réduction des déchets), Protection des données et de la vie privée (numérique), Santé mentale (stress, anxiété, dépression)","Justice climatique et protection de l’environnement (biodiversité, réduction des déchets), Protection des données et de la vie privée (numérique)","Oui, plutôt","Non, pas vraiment","Les associations, Les citoyen·nes, Les responsables politiques","En partie","Oui, plutôt","Non, pas du tout","Très important","Oui, plutôt","Oui, plutôt","Ses propositions concrètes","Intègre","Gauche","Aux médias traditionnels (télévision, radio, journaux, magazines et affichage)","Médias (TV, radio, presse), Entourage (ami·es, famille)","false","true","false","true","false","false","false","Oui","Manifester dans la rue, Rejoindre une association","false","false","false","false","true","true","false","false","Oui, tout à fait","Manque de confiance envers les politiques, Manque de représentativité","true","true","false","false","false","false","false","Se sentir mieux représenté·es, Mieux comprendre les programmes","true","false","false","true","false","Oui","Oui","20","Femme","Bac+3 ou +4, ou diplôme de niveau équivalent","Étudiant·e","75 - Paris"
"2j74b1j","D4EPQNZ","2026-08-21 15:06:57","Droits des femmes, Droits humains, Justice sociale","Justice sociale, Droits humains","Non, pas vraiment","Non, pas vraiment","Les citoyen·nes, Les responsables politiques, Les associations","En partie","Non, pas vraiment","Non, pas vraiment","Très important","Oui, tout à fait","Non, pas vraiment","Ses propositions concrètes","Integre ","Gauche","Aux médias traditionnels (télévision, radio, journaux, magazines et affichage)","Réseaux sociaux, Médias (TV, radio, presse)","true","true","false","false","false","false","false","Oui","Rejoindre une association, Voter","false","false","false","false","true","false","true","false","Oui, tout à fait","Manque de confiance envers les politiques, Manque de représentativité","true","true","false","false","false","false","false","Avoir plus confiance dans les candidat·es, Se sentir mieux représenté·es","false","false","true","true","false","Oui","Oui","17","Femme","Baccalauréat général, technologique, professionnel","Étudiant·e","22 - Côtes-d'Armor"
"0VaEbA6","44Dy5LX","2026-08-21 15:07:28","Droits des femmes, Santé (prévention), Éducation (orientation, égalité des chances)","Justice climatique et protection de l’environnement (biodiversité, réduction des déchets), Justice sociale","Non, pas du tout","Non, pas du tout","Les responsables politiques, Les associations, Les citoyen·nes","En partie","Non, pas vraiment","Non, pas du tout","Très important","Oui, plutôt","Non, pas du tout","Ses propositions concrètes","Incorruptible ","Centre","Aux médias traditionnels (télévision, radio, journaux, magazines et affichage)","Réseaux sociaux, Médias (TV, radio, presse)","true","true","false","false","false","false","false","Non","Rejoindre une association, Voter","false","false","false","false","true","false","true","false","Oui, tout à fait","Manque de confiance envers les politiques, Manque de représentativité","true","true","false","false","false","false","false","Se sentir concerné·e par les enjeux, Se sentir mieux représenté·es","false","true","false","true","false","Oui","Oui","23","Femme","Bac+5, ou diplôme de niveau équivalent","Étudiant·e","57 - Moselle"
"YjkZJPz","gDx1Rbl","2026-08-21 15:16:52","Droits des femmes, Emploi, Politique étrangère","Politique étrangère, Économie","Non, pas vraiment","Non, pas vraiment","Les responsables politiques, Les associations, Les citoyen·nes","En partie","Non, pas vraiment","Non, pas du tout","Très important","Oui, tout à fait","Non, pas du tout","Ses propositions concrètes","Responsable ","Centre-gauche","Aux médias traditionnels (télévision, radio, journaux, magazines et affichage)","Médias (TV, radio, presse), Internet (sites d’information)","false","true","true","false","false","false","false","Oui","Participer à des ateliers, débats, Rejoindre une association","true","false","false","false","true","false","false","false","Oui, tout à fait","Manque d’intérêt, Manque de représentativité","false","true","false","true","false","false","false","Se sentir mieux représenté·es, Avoir plus confiance dans les candidat·es","false","false","true","true","false","Oui","Oui","21","Femme","Bac+5, ou diplôme de niveau équivalent","Étudiant·e","75 - Paris"
"EqMPaLX","Np99pqW","2026-08-21 15:33:04","Droits des femmes, Justice climatique et protection de l’environnement (biodiversité, réduction des déchets), Justice sociale","Justice climatique et protection de l’environnement (biodiversité, réduction des déchets), Droits des femmes","Non, pas vraiment","Non, pas vraiment","Les responsables politiques, Les associations, Les citoyen·nes","En partie","Non, pas vraiment","Non, pas vraiment","Très important","Oui, plutôt","Non, pas vraiment","Ses propositions concrètes","","Ecologiste","Aux médias traditionnels (télévision, radio, journaux, magazines et affichage)","Médias (TV, radio, presse), Réseaux sociaux","true","true","false","false","false","false","false","Oui","Rejoindre une association, Voter","false","false","false","false","true","false","true","false","Oui, tout à fait","Manque de représentativité, Manque de confiance envers les politiques","true","true","false","false","false","false","false","Se sentir concerné·e par les enjeux, Se sentir mieux représenté·es","false","true","false","true","false","Oui","Oui","21","Femme","Bac+3 ou +4, ou diplôme de niveau équivalent","Étudiant·e","75 - Paris"
"X5zegr4","obaa9A5","2026-08-21 15:39:43","Emploi, Justice climatique et protection de l’environnement (biodiversité, réduction des déchets), Politique étrangère","Emploi, Politique étrangère","Non, pas vraiment","Oui, plutôt","Les responsables politiques, Les citoyen·nes, Les associations","En partie","Non, pas vraiment","Non, pas vraiment","Très important","Non, pas vraiment","Non, pas vraiment","Ses propositions concrètes","Honnête","Ecologiste","Aux médias traditionnels (télévision, radio, journaux, magazines et affichage)","Réseaux sociaux, Médias (TV, radio, presse)","true","true","false","false","false","false","false","Oui","Rejoindre une association, Voter","false","false","false","false","true","false","true","false","Oui, tout à fait","Manque de confiance envers les politiques, Manque d’intérêt","true","false","false","true","false","false","false","Se sentir concerné·e par les enjeux, Avoir plus confiance dans les candidat·es","false","true","true","false","false","Oui","Oui","20","Femme","Bac+3 ou +4, ou diplôme de niveau équivalent","Étudiant·e","92 - Hauts-de-Seine"
"gbvAvgK","J9ZZZV4","2026-08-21 18:12:36","Droits des personnes LGBTQIA+, Justice climatique et protection de l’environnement (biodiversité, réduction des déchets), Éducation (orientation, égalité des chances)","Justice sociale, Éducation (orientation, égalité des chances)","Non, pas vraiment","Non, pas du tout","Les citoyen·nes, Les responsables politiques, Les associations","Oui, intégralement","Non, pas du tout","Non, pas vraiment","Important","Oui, tout à fait","Non, pas vraiment","Ses propositions concrètes","Humble","Extrême-gauche","Aux réseaux sociaux","Internet (sites d’information), Entourage (ami·es, famille)","false","false","true","true","false","false","false","Non","Participer à des ateliers, débats, Signer, lancer ou relayer des pétitions","true","true","false","false","false","false","false","false","Oui, tout à fait","Manque de confiance envers les politiques, Difficulté à comprendre les enjeux","true","false","false","false","false","true","false","Se sentir concerné·e par les enjeux","false","true","false","false","false","Oui","Oui","22","Femme","Bac+5, ou diplôme de niveau équivalent","Étudiant·e","35 - Ille-et-Vilaine"
"Z9DDlDa","J9ZQGgR","2026-08-23 12:34:09","Politique étrangère, Transports et mobilités durables, Droits humains","Politique étrangère, Droits humains","Oui, plutôt","Oui, plutôt","Les citoyen·nes, Les responsables politiques, Les associations","Oui, intégralement","Non, pas du tout","Oui, tout à fait","Important","Oui, tout à fait","Oui, plutôt","Ses propositions concrètes","Compréhensif","Centre-gauche","Aux médias traditionnels (télévision, radio, journaux, magazines et affichage)","Internet (sites d’information), Réseaux sociaux","true","false","true","false","false","false","false","Oui","Participer à un projet artistique, Rejoindre une association","false","false","false","true","true","false","false","false","Oui, tout à fait","Difficulté à comprendre les enjeux, Manque de confiance envers les politiques","true","false","false","false","false","true","false","Mieux comprendre les programmes, Se sentir concerné·e par les enjeux","true","true","false","false","false","Oui","Oui","21","Homme","Bac+3 ou +4, ou diplôme de niveau équivalent","Étudiant·e","75 - Paris"
"WJ1d1rR","yPpWX7p","2026-08-24 09:01:55","Droits des femmes, Justice climatique et protection de l’environnement (biodiversité, réduction des déchets), Droits humains","Justice climatique et protection de l’environnement (biodiversité, réduction des déchets), Droits humains","Oui, plutôt","Non, pas vraiment","Les responsables politiques, Les associations, Les citoyen·nes","En partie","Non, pas vraiment","Non, pas vraiment","Très important","Oui, tout à fait","Oui, plutôt","Ses propositions concrètes","Responsable","Gauche","Aux médias traditionnels (télévision, radio, journaux, magazines et affichage)","Médias (TV, radio, presse), Entourage (ami·es, famille)","false","true","false","true","false","false","false","Oui","Participer à des ateliers, débats, Voter","true","false","false","false","false","false","true","false","Oui, tout à fait","Manque de confiance envers les politiques, Manque d’intérêt","true","false","false","true","false","false","false","Se sentir concerné·e par les enjeux, Mieux comprendre les programmes","true","true","false","false","false","Non","","16","Femme","Brevet des collèges","Lycéen·ne","75 - Paris"
"laza7QX","EkeXboq","2026-08-26 16:16:47","Justice climatique et protection de l’environnement (biodiversité, réduction des déchets), Justice sociale, Droits des femmes","Justice climatique et protection de l’environnement (biodiversité, réduction des déchets), Économie","Non, pas du tout","Oui, plutôt","Les responsables politiques, Les citoyen·nes, Les associations","Oui, intégralement","Non, pas vraiment","Non, pas vraiment","Important","Oui, plutôt","Non, pas vraiment","Ses propositions concrètes","Représentatif","Ecologiste","Aux médias traditionnels (télévision, radio, journaux, magazines et affichage)","Médias (TV, radio, presse), Réseaux sociaux","true","true","false","false","false","false","false","Oui","Rejoindre une association, Participer à des ateliers, débats","true","false","false","false","true","false","false","false","Oui, plutôt","Manque de confiance envers les politiques, Manque d’intérêt","true","false","false","true","false","false","false","Mieux comprendre les programmes, Avoir plus confiance dans les candidat·es","true","false","true","false","false","Oui","Oui","24","Femme","Bac+5, ou diplôme de niveau équivalent","Étudiant·e","31 - Haute-Garonne"
"2joKD6p","gDX4241","2026-08-27 10:27:24","Accès à la culture","Justice climatique et protection de l’environnement (biodiversité, réduction des déchets), Éducation (orientation, égalité des chances)","Je ne sais pas","Non, pas vraiment","Les responsables politiques, Les citoyen·nes, Les associations","Non","Oui, tout à fait","Non, pas du tout","Important","Non, pas vraiment","Non, pas vraiment","Son appartenance politique, son parti","","Je préfère ne pas répondre","Aux médias traditionnels (télévision, radio, journaux, magazines et affichage)","Je ne m’informe pas sur ce sujet","false","false","false","false","false","false","true","Non","Voter","false","false","false","false","false","false","true","false","Oui, tout à fait","Manque de représentativité","false","true","false","false","false","false","false","Se sentir concerné·e par les enjeux","false","true","false","false","false","Non","","16","Femme","Brevet des collèges","Lycéen·ne","44 - Loire-Atlantique"
"5XVZVed","XxdqZOd","2026-08-27 10:34:27","Droits des femmes, Justice climatique et protection de l’environnement (biodiversité, réduction des déchets), Santé mentale (stress, anxiété, dépression)","Justice climatique et protection de l’environnement (biodiversité, réduction des déchets), Éducation (orientation, égalité des chances)","Non, pas vraiment","Non, pas vraiment","Les responsables politiques, Les citoyen·nes, Les associations","En partie","Non, pas vraiment","Je ne sais pas","Important","Oui, plutôt","Non, pas du tout","Ses propositions concrètes","Honnete ","Je préfère ne pas répondre","Aux médias traditionnels (télévision, radio, journaux, magazines et affichage)","Internet (sites d’information), Entourage (ami·es, famille)","false","false","true","true","false","false","false","Non","Participer à des ateliers, débats, Voter","true","false","false","false","false","false","true","false","Oui, tout à fait","Manque de confiance envers les politiques, Difficulté à comprendre les enjeux","true","false","false","false","false","true","false","Se sentir concerné·e par les enjeux, Avoir plus confiance dans les candidat·es","false","true","true","false","false","Oui","Oui","21","Homme","Bac+3 ou +4, ou diplôme de niveau équivalent","Étudiant·e","31 - Haute-Garonne"
"KpGDL0X","kdXO67d","2026-08-28 12:25:31","Justice sociale, Alimentation durable, Éducation (orientation, égalité des chances)","Justice sociale, Justice climatique et protection de l’environnement (biodiversité, réduction des déchets)","Non, pas du tout","Non, pas du tout","Les citoyen·nes, Les responsables politiques, Les associations","Oui, intégralement","Non, pas du tout","Non, pas du tout","Très important","Oui, tout à fait","Non, pas vraiment","Son appartenance politique, son parti","Jean-Luc Mélenchon","Extrême-gauche","Aux réseaux sociaux","Réseaux sociaux, Internet (sites d’information)","true","false","true","false","false","false","false","Oui","Voter, Manifester dans la rue","false","false","false","false","false","true","true","false","Oui, tout à fait","Manque d’accès à l’information, Manque d’intérêt","false","false","true","true","false","false","false","Mieux comprendre les programmes, Se sentir mieux représenté·es","true","false","false","true","false","Non","","16","Femme","Brevet des collèges","Lycéen·ne","85 - Vendée"
"1WRNWLM","jaXvQjE","2026-08-29 09:51:33","Droits des femmes, Droits des personnes LGBTQIA+, Accès à la culture","Droits des femmes, Justice climatique et protection de l’environnement (biodiversité, réduction des déchets)","Non, pas vraiment","Oui, plutôt","Les responsables politiques, Les citoyen·nes, Les associations","En partie","Non, pas vraiment","Non, pas vraiment","Très important","Oui, tout à fait","Non, pas du tout","Ses propositions concrètes","Réellement à l'écoute ","Gauche","Aux médias traditionnels (télévision, radio, journaux, magazines et affichage)","Entourage (ami·es, famille), Médias (TV, radio, presse)","false","true","false","true","false","false","false","Oui","Manifester dans la rue, Voter","false","false","false","false","false","true","true","false","Oui, tout à fait","Manque d’accès à l’information, Manque d’intérêt","false","false","true","true","false","false","false","Se sentir concerné·e par les enjeux, Se sentir mieux représenté·es","false","true","false","true","false","Non","","15","Femme","Brevet des collèges","Lycéen·ne","75 - Paris"
"gbzkLg1","RG1jMEK","2026-08-29 14:21:04","Justice climatique et protection de l’environnement (biodiversité, réduction des déchets), Lutte contre le racisme et la xénophobie, Droits des femmes","Justice climatique et protection de l’environnement (biodiversité, réduction des déchets), Lutte contre les violences policières","Je ne sais pas","Je ne sais pas","Les responsables politiques, Les associations, Les citoyen·nes","Non","Non, pas vraiment","Je ne sais pas","Important","Oui, plutôt","Non, pas vraiment","Ses propositions concrètes","créatif","Ecologiste","Aux médias traditionnels (télévision, radio, journaux, magazines et affichage)","Entourage (ami·es, famille), Médias (TV, radio, presse)","false","true","false","true","false","false","false","Non","Voter, Signer, lancer ou relayer des pétitions","false","true","false","false","false","false","true","false","Oui, tout à fait","Manque de confiance envers les politiques, Manque de représentativité","true","true","false","false","false","false","false","Avoir plus confiance dans les candidat·es, Se sentir mieux représenté·es","false","false","true","true","false","Non","","16","Homme","Brevet des collèges","Lycéen·ne","91 - Essonne"
"Geb8l5p","ODK2gO7","2026-09-01 08:29:21","Droits des femmes, Justice climatique et protection de l’environnement (biodiversité, réduction des déchets), Lutte contre le racisme et la xénophobie","Justice climatique et protection de l’environnement (biodiversité, réduction des déchets), Économie","Oui, plutôt","Non, pas vraiment","Les citoyen·nes, Les associations, Les responsables politiques","Oui, intégralement","Non, pas vraiment","Non, pas vraiment","Peu important","Non, pas vraiment","Non, pas du tout","Son appartenance politique, son parti","","Extrême-gauche","Aux réseaux sociaux","Internet (sites d’information), Réseaux sociaux","true","false","true","false","false","false","false","Oui","Manifester dans la rue, Rejoindre une association","false","false","false","false","true","true","false","false","Oui, tout à fait","Manque de confiance envers les politiques, Manque de représentativité","true","true","false","false","false","false","false","Se sentir mieux représenté·es, Mieux comprendre les programmes","true","false","false","true","false","Oui","Oui","24","Femme","Bac+3 ou +4, ou diplôme de niveau équivalent","Étudiant·e","75 - Paris"
"jezOdgR","b5XoPbE","2026-09-01 13:08:26","Justice sociale, Droits humains, Droits des femmes","Justice sociale, Droits humains","Non, pas vraiment","Non, pas du tout","Les responsables politiques, Les citoyen·nes, Les associations","Oui, intégralement","Oui, plutôt","Non, pas vraiment","Très important","Oui, plutôt","Non, pas du tout","Ses propositions concrètes","Personne","Extrême-gauche","Aux réseaux sociaux","Réseaux sociaux, Internet (sites d’information)","true","false","true","false","false","false","false","Oui","Participer à des ateliers, débats, Créer du contenu (vidéo, réseaux sociaux)","true","false","true","false","false","false","false","false","Oui, plutôt","Manque de confiance envers les politiques, Difficulté à comprendre les enjeux","true","false","false","false","false","true","false","Se sentir concerné·e par les enjeux, Mieux comprendre les programmes","true","true","false","false","false","Oui","Oui","22","Femme","Bac+2 ou diplôme de niveau équivalent","Étudiant·e","95 - Val-d'Oise"
"xVzkJ8k","1AzjWbQ","2026-09-01 13:31:25","Droits des personnes LGBTQIA+, Droits des femmes, Droits humains","Droits humains, Éducation (orientation, égalité des chances)","Non, pas vraiment","Non, pas du tout","Les citoyen·nes, Les responsables politiques, Les associations","Oui, intégralement","Oui, plutôt","Non, pas du tout","Très important","Oui, plutôt","Non, pas vraiment","Ses propositions concrètes","woke","Extrême-gauche","Aux réseaux sociaux","Réseaux sociaux, Entourage (ami·es, famille)","true","false","false","true","false","false","false","Oui","Manifester dans la rue, Voter","false","false","false","false","false","true","true","false","Oui, tout à fait","Manque d’intérêt, Difficulté à comprendre les enjeux","false","false","false","true","false","true","false","Mieux comprendre les programmes, Se sentir concerné·e par les enjeux","true","true","false","false","false","Oui","Oui","20","Femme","Bac+2 ou diplôme de niveau équivalent","Étudiant·e","78 - Yvelines"
"OQEpb47","KYAXMgM","2026-09-01 14:09:34","Santé mentale (stress, anxiété, dépression), Harcèlement scolaire, Lutte contre la désinformation","Lutte contre la désinformation, Santé mentale (stress, anxiété, dépression)","Non, pas du tout","Non, pas du tout","Les citoyen·nes, Les associations, Les responsables politiques","En partie","Oui, plutôt","Non, pas du tout","Important","Oui, plutôt","Non, pas du tout","Ses propositions concrètes","Bienveillant","Gauche","Aux réseaux sociaux","Entourage (ami·es, famille), Réseaux sociaux","true","false","false","true","false","false","false","Non","Participer à un projet artistique, Participer à des ateliers, débats","true","false","false","true","false","false","false","false","Non, pas vraiment","Manque de confiance envers les politiques, Manque d’intérêt","true","false","false","true","false","false","false","Avoir plus confiance dans les candidat·es, Se sentir concerné·e par les enjeux","false","true","true","false","false","Oui","Je ne sais pas","21","Homme","Bac+2 ou diplôme de niveau équivalent","Étudiant·e","94 - Val-de-Marne"
"OQEp6oa","rjRXv7N","2026-09-01 14:57:45","Droits des personnes LGBTQIA+, Santé mentale (stress, anxiété, dépression), Droits des femmes","Économie, Éducation (orientation, égalité des chances)","Non, pas vraiment","Non, pas vraiment","Les associations, Les citoyen·nes, Les responsables politiques","En partie","Oui, plutôt","Non, pas vraiment","Très important","Oui, plutôt","Non, pas vraiment","Ses propositions concrètes","","Gauche","Aux réseaux sociaux","Réseaux sociaux, Internet (sites d’information)","true","false","true","false","false","false","false","Non","Rejoindre une association, Voter","false","false","false","false","true","false","true","false","Oui, tout à fait","Manque d’intérêt, Difficulté à comprendre les enjeux","false","false","false","true","false","true","false","Se sentir concerné·e par les enjeux, Mieux comprendre les programmes","true","true","false","false","false","Oui","Oui","19","Homme","Baccalauréat général, technologique, professionnel","Étudiant·e","95 - Val-d'Oise"
"BE94B97","9qPekeK","2026-09-01 15:46:39","Droits des femmes, Droits humains, Santé mentale (stress, anxiété, dépression)","Justice sociale, Droits humains","Oui, plutôt","Non, pas du tout","Les citoyen·nes, Les responsables politiques, Les associations","En partie","Oui, plutôt","Non, pas vraiment","Très important","Non, pas du tout","Non, pas du tout","Son appartenance politique, son parti","Gauche","Extrême-gauche","Aux réseaux sociaux","Réseaux sociaux, Internet (sites d’information)","true","false","true","false","false","false","false","Non","Rejoindre une association, Participer à un projet artistique","false","false","false","true","true","false","false","false","Oui, tout à fait","Manque de confiance envers les politiques, Manque d’accès à l’information","true","false","true","false","false","false","false","Se sentir concerné·e par les enjeux, Se sentir mieux représenté·es","false","true","false","true","false","Oui","Oui","23","Femme","Bac+5, ou diplôme de niveau équivalent","Sans emploi","93 - Seine-Saint-Denis"
"e5oZyGo","5BoRbOv","2026-09-01 16:20:26","Lutte contre le racisme et la xénophobie, Droits des femmes, Éducation (orientation, égalité des chances)","Lutte contre le racisme et la xénophobie, Lutte contre les discriminations religieuses","Non, pas vraiment","Non, pas vraiment","Les responsables politiques, Les associations, Les citoyen·nes","Non","Oui, plutôt","Non, pas vraiment","Important","Non, pas vraiment","Non, pas vraiment","Ses propositions concrètes","Honnête ","Gauche","Aux réseaux sociaux","Réseaux sociaux, Internet (sites d’information)","true","false","true","false","false","false","false","Non","Rejoindre une association, Participer à des ateliers, débats","true","false","false","false","true","false","false","false","Oui, tout à fait","Manque d’accès à l’information, Difficulté à comprendre les enjeux","false","false","true","false","false","true","false","Mieux comprendre les programmes, Se sentir concerné·e par les enjeux","true","true","false","false","false","Oui","Oui","19","Femme","CAP, BEP ou diplôme de niveau équivalent","Étudiant·e","93 - Seine-Saint-Denis"
"zEbEeDE","A7N18J0","2026-09-01 20:25:11","Handicap et lutte contre le validisme, Droits humains, Justice climatique et protection de l’environnement (biodiversité, réduction des déchets)","Justice climatique et protection de l’environnement (biodiversité, réduction des déchets), Lutte contre les violences policières","Non, pas vraiment","Non, pas du tout","Les citoyen·nes, Les associations, Les responsables politiques","En partie","Oui, plutôt","Non, pas vraiment","Important","Non, pas vraiment","Non, pas du tout","Ses propositions concrètes","A l’écoute du peuple","Gauche","Aux médias traditionnels (télévision, radio, journaux, magazines et affichage)","Réseaux sociaux, Internet (sites d’information)","true","false","true","false","false","false","false","Oui","Signer, lancer ou relayer des pétitions, Rejoindre une association","false","true","false","false","true","false","false","false","Oui, tout à fait","Difficulté à comprendre les enjeux, Manque d’accès à l’information","false","false","true","false","false","true","false","Mieux comprendre les programmes, Se sentir mieux représenté·es","true","false","false","true","false","Oui","Oui","23","Femme","Bac+3 ou +4, ou diplôme de niveau équivalent","En emploi","75 - Paris"
"peZdQZJ","7ROBbb0","2026-09-02 05:24:52","Droits des femmes, Accès à la culture, Éducation (orientation, égalité des chances)","Droits des femmes, Protection des données et de la vie privée (numérique)","Je ne sais pas","Oui, plutôt","Les associations, Les responsables politiques, Les citoyen·nes","Oui, intégralement","Non, pas vraiment","Non, pas vraiment","Peu important","Oui, tout à fait","Non, pas vraiment","Ses propositions concrètes","Une femme intelligente ","Gauche","Aux médias traditionnels (télévision, radio, journaux, magazines et affichage)","Réseaux sociaux, Internet (sites d’information)","true","false","true","false","false","false","false","Oui","Participer à un projet artistique, Participer à des ateliers, débats","true","false","false","true","false","false","false","false","Oui, plutôt","Manque d’intérêt, Manque de représentativité","false","true","false","true","false","false","false","Se sentir concerné·e par les enjeux, Avoir plus confiance dans les candidat·es","false","true","true","false","false","Oui","Oui","23","Femme","Bac+3 ou +4, ou diplôme de niveau équivalent","Étudiant·e","75 - Paris"
"J1BlzeR","eqGZqko","2026-09-02 09:17:27","Accès à la culture, Droits des personnes LGBTQIA+, Justice sociale","Lutte contre les violences policières, Justice sociale","Non, pas vraiment","Non, pas du tout","Les responsables politiques, Les associations, Les citoyen·nes","En partie","Non, pas vraiment","Non, pas vraiment","Très important","Oui, plutôt","Non, pas du tout","Ses propositions concrètes","accessible et connecté à la réalité","Extrême-gauche","Aux réseaux sociaux","Réseaux sociaux, Entourage (ami·es, famille)","true","false","false","true","false","false","false","Oui","Participer à des ateliers, débats, Rejoindre une association","true","false","false","false","true","false","false","false","Oui, plutôt","Manque de confiance envers les politiques, Manque de représentativité","true","true","false","false","false","false","false","Avoir plus confiance dans les candidat·es, Se sentir mieux représenté·es","false","false","true","true","false","Oui","Oui","23","Homme","Bac+3 ou +4, ou diplôme de niveau équivalent","Étudiant·e","75 - Paris"
"Ge7pzQQ","gDVjaQl","2026-09-02 09:25:00","Droits des personnes LGBTQIA+, Droits des femmes, Harcèlement scolaire","Droits des personnes LGBTQIA+, Droits des femmes","Non, pas vraiment","Non, pas vraiment","Les associations, Les citoyen·nes, Les responsables politiques","Non","Oui, plutôt","Non, pas vraiment","Très important","Oui, plutôt","Non, pas du tout","Ses propositions concrètes","Justice ","Extrême-gauche","Aux réseaux sociaux","Entourage (ami·es, famille), Réseaux sociaux","true","false","false","true","false","false","false","Oui","Signer, lancer ou relayer des pétitions, Manifester dans la rue","false","true","false","false","false","true","false","false","Oui, tout à fait","Manque de représentativité, Manque d’intérêt","false","true","false","true","false","false","false","Se sentir concerné·e par les enjeux, Se sentir mieux représenté·es","false","true","false","true","false","Oui","Oui","20","Femme","Baccalauréat général, technologique, professionnel","Étudiant·e","95 - Val-d'Oise"
"q5NGJ4G","Xx7lDKd","2026-09-02 10:03:41","Droits des femmes, Santé mentale (stress, anxiété, dépression), Lutte contre le racisme et la xénophobie","Lutte contre les discriminations religieuses, Droits des femmes","Non, pas vraiment","Non, pas vraiment","Les associations, Les responsables politiques, Les citoyen·nes","En partie","Non, pas vraiment","Non, pas vraiment","Important","Oui, plutôt","Non, pas vraiment","Son appartenance politique, son parti","","Extrême-gauche","Aux médias traditionnels (télévision, radio, journaux, magazines et affichage)","Réseaux sociaux, Médias (TV, radio, presse)","true","true","false","false","false","false","false","Oui","Voter, Créer du contenu (vidéo, réseaux sociaux)","false","false","true","false","false","false","true","false","Oui, plutôt","Manque de confiance envers les politiques, Manque d’accès à l’information","true","false","true","false","false","false","false","Mieux comprendre les programmes, Se sentir mieux représenté·es","true","false","false","true","false","Oui","Oui","23","Femme","Bac+2 ou diplôme de niveau équivalent","En emploi","92 - Hauts-de-Seine"
"1WB4N7O","Npx5Alp","2026-09-02 10:04:28","Droits des personnes LGBTQIA+, Droits des femmes, Santé mentale (stress, anxiété, dépression)","Justice climatique et protection de l’environnement (biodiversité, réduction des déchets), Économie","Non, pas vraiment","Non, pas du tout","Les responsables politiques, Les associations, Les citoyen·nes","En partie","Non, pas vraiment","Non, pas vraiment","Important","Oui, tout à fait","Non, pas du tout","Ses propositions concrètes","Défenseur des droits humains ","Extrême-gauche","Aux réseaux sociaux","Réseaux sociaux, Internet (sites d’information)","true","false","true","false","false","false","false","Oui","Signer, lancer ou relayer des pétitions, Voter","false","true","false","false","false","false","true","false","Oui, tout à fait","Manque d’intérêt, Difficulté à comprendre les enjeux","false","false","false","true","false","true","false","Mieux comprendre les programmes, Se sentir concerné·e par les enjeux","true","true","false","false","false","Oui","Oui","24","Femme","Bac+3 ou +4, ou diplôme de niveau équivalent","En emploi","59 - Nord"
"bZAeYJE","BzY4GeA","2026-09-02 10:06:52","Justice sociale, Droits des femmes, Justice climatique et protection de l’environnement (biodiversité, réduction des déchets)","Justice climatique et protection de l’environnement (biodiversité, réduction des déchets), Justice sociale","Non, pas vraiment","Non, pas du tout","Les citoyen·nes, Les associations, Les responsables politiques","Oui, intégralement","Non, pas vraiment","Non, pas du tout","Important","Oui, tout à fait","Non, pas du tout","Ses propositions concrètes","","Extrême-gauche","Aux réseaux sociaux","Réseaux sociaux, Internet (sites d’information)","true","false","true","false","false","false","false","Oui","Manifester dans la rue, Signer, lancer ou relayer des pétitions","false","true","false","false","false","true","false","false","Oui, plutôt","Manque de confiance envers les politiques, Manque de représentativité","true","true","false","false","false","false","false","Avoir plus confiance dans les candidat·es, Se sentir mieux représenté·es","false","false","true","true","false","Oui","Oui","23","Femme","Bac+5, ou diplôme de niveau équivalent","En emploi","94 - Val-de-Marne"
"Ge7pQlp","Me2KApk","2026-09-02 10:08:15","Droits des animaux, Droits des personnes LGBTQIA+, Justice climatique et protection de l’environnement (biodiversité, réduction des déchets)","Justice climatique et protection de l’environnement (biodiversité, réduction des déchets), Droits humains","Non, pas du tout","Non, pas vraiment","Les responsables politiques, Les associations, Les citoyen·nes","En partie","Oui, plutôt","Non, pas du tout","Important","Non, pas vraiment","Non, pas du tout","Ses propositions concrètes","Efficace","Ecologiste","Aux médias traditionnels (télévision, radio, journaux, magazines et affichage)","Médias (TV, radio, presse)","false","true","false","false","false","false","false","Oui","Voter, Agir écologiquement tous les jours","false","false","false","false","false","false","true","true","Oui, tout à fait","Manque de confiance envers les politiques, Manque d’accès à l’information","true","false","true","false","false","false","false","Mieux comprendre les programmes, Se sentir concerné·e par les enjeux","true","true","false","false","false","Oui","Je ne sais pas","24","Femme","Bac+2 ou diplôme de niveau équivalent","Sans emploi","59 - Nord"
"LDoKO1G","kd4aZGM","2026-09-02 10:15:14","Harcèlement scolaire, Lutte contre le racisme et la xénophobie, Droits des femmes","Harcèlement scolaire, Droits des femmes","Non, pas vraiment","Non, pas vraiment","Les responsables politiques, Les associations, Les citoyen·nes","En partie","Oui, plutôt","Non, pas vraiment","Important","Non, pas vraiment","Non, pas vraiment","Ses propositions concrètes","Honnête","Gauche","Aux réseaux sociaux","Réseaux sociaux, Entourage (ami·es, famille)","true","false","false","true","false","false","false","Non","Créer du contenu (vidéo, réseaux sociaux)","false","false","true","false","false","false","false","false","Oui, tout à fait","Manque de confiance envers les politiques, Difficulté à comprendre les enjeux","true","false","false","false","false","true","false","Mieux comprendre les programmes, Avoir plus confiance dans les candidat·es","true","false","true","false","false","Oui","Oui","24","Homme","Bac+5, ou diplôme de niveau équivalent","En emploi","75 - Paris"
"jeEoEKY","Y5bDr9v","2026-09-02 10:22:16","Droits des personnes LGBTQIA+, Éducation (orientation, égalité des chances), Justice climatique et protection de l’environnement (biodiversité, réduction des déchets)","Justice climatique et protection de l’environnement (biodiversité, réduction des déchets), Logement","Non, pas vraiment","Non, pas vraiment","Les responsables politiques, Les associations, Les citoyen·nes","En partie","Non, pas vraiment","Non, pas vraiment","Très important","Oui, plutôt","Non, pas du tout","Ses propositions concrètes","le peuple ","Extrême-gauche","Aux réseaux sociaux","Entourage (ami·es, famille), Réseaux sociaux","true","false","false","true","false","false","false","Oui","Créer du contenu (vidéo, réseaux sociaux), Rejoindre une association","false","false","true","false","true","false","false","false","Oui, tout à fait","Difficulté à comprendre les enjeux, Manque d’intérêt","false","false","false","true","false","true","false","Se sentir concerné·e par les enjeux, Se sentir mieux représenté·es","false","true","false","true","false","Oui","Oui","24","Femme","Bac+5, ou diplôme de niveau équivalent","Étudiant·e","75 - Paris"
"rDqOqxo","ZjA5lWV","2026-09-02 10:22:30","Lutte contre la désinformation, Droits des femmes, Santé (prévention)","Droits des femmes, Lutte contre la désinformation","Non, pas vraiment","Non, pas vraiment","Les responsables politiques, Les citoyen·nes, Les associations","En partie","Non, pas vraiment","Non, pas vraiment","Important","Oui, tout à fait","Non, pas vraiment","Son appartenance politique, son parti","Ce président serait une femme ou un homme, venant d'un parti qui n'est pas extrémistes qui sait faire des concessions entre din programme et les revendications du peuple français.","Centre-gauche","Aux médias traditionnels (télévision, radio, journaux, magazines et affichage)","Médias (TV, radio, presse), Internet (sites d’information)","false","true","true","false","false","false","false","Oui","Signer, lancer ou relayer des pétitions, Manifester dans la rue","false","true","false","false","false","true","false","false","Oui, plutôt","Manque de confiance envers les politiques, Manque de représentativité","true","true","false","false","false","false","false","Avoir plus confiance dans les candidat·es, Se sentir mieux représenté·es","false","false","true","true","false","Oui","Oui","17","Femme","Baccalauréat général, technologique, professionnel","Étudiant·e","59 - Nord"
"RWro1Ld","lbjD0YV","2026-09-02 10:41:14","Droits humains, Justice climatique et protection de l’environnement (biodiversité, réduction des déchets), Santé (prévention)","Droits humains, Justice climatique et protection de l’environnement (biodiversité, réduction des déchets)","Non, pas vraiment","Non, pas vraiment","Les responsables politiques, Les citoyen·nes, Les associations","En partie","Non, pas vraiment","Non, pas du tout","Très important","Oui, plutôt","Non, pas vraiment","Ses propositions concrètes","Attentionné","Centre-gauche","Aux sites internet","Réseaux sociaux, Médias (TV, radio, presse)","true","true","false","false","false","false","false","Non","Signer, lancer ou relayer des pétitions, Voter","false","true","false","false","false","false","true","false","Oui, tout à fait","Manque de confiance envers les politiques, Manque d’intérêt","true","false","false","true","false","false","false","Mieux comprendre les programmes, Avoir plus confiance dans les candidat·es","true","false","true","false","false","Oui","Oui","17","Femme","Baccalauréat général, technologique, professionnel","Étudiant·e","59 - Nord"
"ArQpYle","BzY487R","2026-09-02 10:44:32","Lutte contre le racisme et la xénophobie, Lutte contre les violences policières, Justice climatique et protection de l’environnement (biodiversité, réduction des déchets)","Justice climatique et protection de l’environnement (biodiversité, réduction des déchets), Lutte contre le racisme et la xénophobie","Oui, plutôt","Non, pas du tout","Les responsables politiques, Les associations, Les citoyen·nes","En partie","Non, pas vraiment","Non, pas du tout","Pas du tout important","Oui, tout à fait","Oui, plutôt","Ses propositions concrètes","bienveillant ","Gauche","Aux réseaux sociaux","Entourage (ami·es, famille), Réseaux sociaux","true","false","false","true","false","false","false","Oui","Créer du contenu (vidéo, réseaux sociaux), Manifester dans la rue","false","false","true","false","false","true","false","false","Oui, tout à fait","Manque de confiance envers les politiques, Manque d’accès à l’information","true","false","true","false","false","false","false","Se sentir concerné·e par les enjeux, Avoir plus confiance dans les candidat·es","false","true","true","false","false","Oui","Oui","21","Homme","Bac+3 ou +4, ou diplôme de niveau équivalent","Étudiant·e","33 - Gironde"
"6DVKBRJ","eqGZYNJ","2026-09-02 10:54:31","Accès à la culture, Lutte contre le racisme et la xénophobie, Droits des femmes","Droits des femmes, Justice climatique et protection de l’environnement (biodiversité, réduction des déchets)","Non, pas vraiment","Non, pas vraiment","Les citoyen·nes, Les associations, Les responsables politiques","Non","Non, pas vraiment","Non, pas vraiment","Pas du tout important","Oui, tout à fait","Non, pas vraiment","Ses propositions concrètes","collaboratif","Gauche","Aux médias traditionnels (télévision, radio, journaux, magazines et affichage)","Médias (TV, radio, presse), Internet (sites d’information)","false","true","true","false","false","false","false","Oui","Participer à un projet artistique, Créer du contenu (vidéo, réseaux sociaux)","false","false","true","true","false","false","false","false","Oui, tout à fait","Manque de confiance envers les politiques, Manque d’intérêt","true","false","false","true","false","false","false","Se sentir concerné·e par les enjeux, Avoir plus confiance dans les candidat·es","false","true","true","false","false","Oui","Oui","24","Homme","Bac+3 ou +4, ou diplôme de niveau équivalent","En emploi","93 - Seine-Saint-Denis"
"5XO9WOd","RGQK2Pd","2026-09-02 11:12:37","Droits des personnes LGBTQIA+, Emploi, Lutte contre la désinformation","Emploi, Économie","Non, pas vraiment","Non, pas vraiment","Les citoyen·nes, Les responsables politiques, Les associations","Oui, intégralement","Non, pas vraiment","Non, pas vraiment","Très important","Oui, plutôt","Non, pas du tout","Son expérience","","Extrême-gauche","Aux sites internet","Réseaux sociaux, Internet (sites d’information)","true","false","true","false","false","false","false","Non","Signer, lancer ou relayer des pétitions, Voter","false","true","false","false","false","false","true","false","Oui, tout à fait","Manque de confiance envers les politiques, Manque d’accès à l’information","true","false","true","false","false","false","false","Se sentir mieux représenté·es, Se sentir concerné·e par les enjeux","false","true","false","true","false","Oui","Oui","24","Femme","Bac+5, ou diplôme de niveau équivalent","Sans emploi","92 - Hauts-de-Seine"
"M1GE11p","b5MVy86","2026-09-02 11:28:24","Alimentation durable, Droits humains, Justice sociale","Droits humains, Droits des femmes","Oui, plutôt","Non, pas du tout","Les citoyen·nes, Les associations, Les responsables politiques","Oui, intégralement","Non, pas vraiment","Non, pas vraiment","Peu important","Oui, plutôt","Non, pas du tout","Ses propositions concrètes","","Extrême-gauche","Aux réseaux sociaux","Réseaux sociaux, Internet (sites d’information)","true","false","true","false","false","false","false","Oui","Signer, lancer ou relayer des pétitions, Voter","false","true","false","false","false","false","true","false","Oui, tout à fait","Manque de confiance envers les politiques, Manque d’intérêt","true","false","false","true","false","false","false","Mieux comprendre les programmes, Se sentir concerné·e par les enjeux","true","true","false","false","false","Oui","Oui","23","Homme","Bac+3 ou +4, ou diplôme de niveau équivalent","En emploi","92 - Hauts-de-Seine"
"bZAWY4g","obZ6rRP","2026-09-02 12:29:25","Droits des personnes LGBTQIA+, Droits des femmes, Accès à la culture","Alimentation durable, Éducation (orientation, égalité des chances)","Non, pas du tout","Non, pas du tout","Les responsables politiques, Les associations, Les citoyen·nes","Oui, intégralement","Oui, plutôt","Non, pas du tout","Très important","Oui, plutôt","Non, pas du tout","Ses propositions concrètes","Logique","Gauche","Aux sites internet","Réseaux sociaux, Médias (TV, radio, presse)","true","true","false","false","false","false","false","Oui","Dans le quotidien (choix écologiques et éthiques), Voter","false","false","false","false","false","false","true","true","Oui, plutôt","Manque de confiance envers les politiques, Pas de programme qui prend en compte les difficultés rencontrées par les jeunes","true","false","false","false","false","false","true","Avoir plus confiance dans les candidat·es, Se sentir concerné·e par les enjeux","false","true","true","false","false","Oui","Oui","24","Femme","Bac+5, ou diplôme de niveau équivalent","Sans emploi","59 - Nord"
"aOl2aYW","68YJb0P","2026-09-02 12:31:53","Droits des femmes, Droits des personnes LGBTQIA+, Lutte contre le racisme et la xénophobie","Emploi, Justice sociale","Non, pas du tout","Non, pas du tout","Les citoyen·nes, Les associations, Les responsables politiques","Oui, intégralement","Non, pas vraiment","Non, pas du tout","Très important","Oui, tout à fait","Non, pas du tout","Ses propositions concrètes","Eveillé.e","Extrême-gauche","Aux réseaux sociaux","Réseaux sociaux, Internet (sites d’information)","true","false","true","false","false","false","false","Oui","Rejoindre une association, Manifester dans la rue","false","false","false","false","true","true","false","false","Non, pas vraiment","Manque d’intérêt, Manque de représentativité","false","true","false","true","false","false","false","Se sentir concerné·e par les enjeux, Se sentir mieux représenté·es","false","true","false","true","false","Oui","Oui","24","Femme","Bac+5, ou diplôme de niveau équivalent","Étudiant·e","75 - Paris"
"7XPWbE0","ODZQ2pY","2026-09-02 17:56:31","Droits des femmes, Handicap et lutte contre le validisme, Droits des animaux","Justice climatique et protection de l’environnement (biodiversité, réduction des déchets), Lutte contre le racisme et la xénophobie","Oui, plutôt","Non, pas vraiment","Les responsables politiques, Les citoyen·nes, Les associations","En partie","Oui, plutôt","Non, pas vraiment","Important","Oui, plutôt","Non, pas vraiment","Ses propositions concrètes","citoyen","Je préfère ne pas répondre","Aux médias traditionnels (télévision, radio, journaux, magazines et affichage)","Réseaux sociaux, Entourage (ami·es, famille)","true","false","false","true","false","false","false","Oui","Rejoindre une association, Créer du contenu (vidéo, réseaux sociaux)","false","false","true","false","true","false","false","false","Oui, tout à fait","Difficulté à comprendre les enjeux, Manque de confiance envers les politiques","true","false","false","false","false","true","false","Se sentir concerné·e par les enjeux, Mieux comprendre les programmes","true","true","false","false","false","Oui","Oui","21","Femme","Bac+3 ou +4, ou diplôme de niveau équivalent","Étudiant·e","59 - Nord"
"9NrW9WQ","A7YrEAl","2026-09-02 17:58:49","Politique étrangère, Justice climatique et protection de l’environnement (biodiversité, réduction des déchets), Santé mentale (stress, anxiété, dépression)","Économie, Politique étrangère","Non, pas vraiment","Non, pas du tout","Les responsables politiques, Les citoyen·nes, Les associations","Oui, intégralement","Oui, plutôt","Non, pas vraiment","Important","Oui, tout à fait","Non, pas vraiment","Ses propositions concrètes","Réaliste","Centre-droite","Aux médias traditionnels (télévision, radio, journaux, magazines et affichage)","Réseaux sociaux, Médias (TV, radio, presse)","true","true","false","false","false","false","false","Non","Participer à des ateliers, débats, Voter","true","false","false","false","false","false","true","false","Oui, tout à fait","Manque de confiance envers les politiques, Manque d’intérêt","true","false","false","true","false","false","false","Se sentir concerné·e par les enjeux, Se sentir mieux représenté·es","false","true","false","true","false","Oui","Oui","24","Femme","Bac+5, ou diplôme de niveau équivalent","En emploi","92 - Hauts-de-Seine"
"EqaXxro","Xx75XqL","2026-09-02 18:07:22","Justice climatique et protection de l’environnement (biodiversité, réduction des déchets), Alimentation durable, Santé mentale (stress, anxiété, dépression)","Justice climatique et protection de l’environnement (biodiversité, réduction des déchets), Économie","Non, pas du tout","Non, pas vraiment","Les citoyen·nes, Les responsables politiques, Les associations","Non","Non, pas vraiment","Non, pas du tout","Important","Oui, plutôt","Non, pas du tout","Son expérience","Utopie ","Social libéral","Aux réseaux sociaux","Réseaux sociaux, Internet (sites d’information)","true","false","true","false","false","false","false","Non","Manifester dans la rue, Rejoindre une association","false","false","false","false","true","true","false","false","Non, pas vraiment","Manque de confiance envers les politiques, Manque d’accès à l’information","true","false","true","false","false","false","false","Avoir plus confiance dans les candidat·es, Mieux comprendre les programmes","true","false","true","false","false","Oui","Non","17","Homme","Baccalauréat général, technologique, professionnel","Étudiant·e","59 - Nord"
"6DV7k9k","PdNpjd0","2026-09-02 18:24:12","Droits des personnes LGBTQIA+, Droits des femmes, Droits humains","Droits humains, Handicap et lutte contre le validisme","Oui, plutôt","Non, pas vraiment","Les citoyen·nes, Les responsables politiques, Les associations","En partie","Oui, plutôt","Oui, plutôt","Très important","Oui, plutôt","Oui, plutôt","Ses propositions concrètes","Humain","Extrême-gauche","Aux réseaux sociaux","Réseaux sociaux, Entourage (ami·es, famille)","true","false","false","true","false","false","false","Non","Signer, lancer ou relayer des pétitions, Créer du contenu (vidéo, réseaux sociaux)","false","true","true","false","false","false","false","false","Oui, tout à fait","Manque d’accès à l’information, Difficulté à comprendre les enjeux","false","false","true","false","false","true","false","Mieux comprendre les programmes, Se sentir concerné·e par les enjeux","true","true","false","false","false","Oui","Oui","23","Homme","Baccalauréat général, technologique, professionnel","En emploi","59 - Nord"
"VpxVJN6","68YjEzP","2026-09-03 06:48:16","Alimentation durable, Santé (prévention), Droits humains","Justice climatique et protection de l’environnement (biodiversité, réduction des déchets), Santé (prévention)","Non, pas vraiment","Oui, plutôt","Les citoyen·nes, Les responsables politiques, Les associations","Non","Non, pas vraiment","Non, pas du tout","Très important","Oui, plutôt","Non, pas du tout","Ses propositions concrètes","","Gauche","Aux médias traditionnels (télévision, radio, journaux, magazines et affichage)","Internet (sites d’information), Médias (TV, radio, presse)","false","true","true","false","false","false","false","Oui","Signer, lancer ou relayer des pétitions, Manifester dans la rue","false","true","false","false","false","true","false","false","Oui, tout à fait","Manque de confiance envers les politiques, Manque d’intérêt","true","false","false","true","false","false","false","Se sentir concerné·e par les enjeux","false","true","false","false","false","Oui","Oui","21","Femme","Bac+5, ou diplôme de niveau équivalent","Étudiant·e","59 - Nord"
"q5NOdEg","aQ15LNE","2026-09-03 06:55:29","Économie, Justice climatique et protection de l’environnement (biodiversité, réduction des déchets), Politique étrangère","Justice climatique et protection de l’environnement (biodiversité, réduction des déchets), Politique étrangère","Non, pas vraiment","Oui, plutôt","Les citoyen·nes, Les associations, Les responsables politiques","En partie","Non, pas vraiment","Non, pas vraiment","Important","Oui, plutôt","Oui, plutôt","Son expérience","Droit","Centre-gauche","Aux médias traditionnels (télévision, radio, journaux, magazines et affichage)","Médias (TV, radio, presse), Milieu scolaire / réseau étudiant","false","true","false","false","true","false","false","Oui","Créer du contenu (vidéo, réseaux sociaux), Voter","false","false","true","false","false","false","true","false","Oui, tout à fait","Manque de confiance envers les politiques, Manque d’intérêt","true","false","false","true","false","false","false","Avoir plus confiance dans les candidat·es, Se sentir mieux représenté·es","false","false","true","true","false","Oui","Oui","22","Homme","Bac+3 ou +4, ou diplôme de niveau équivalent","Étudiant·e","35 - Ille-et-Vilaine"
"kbr54Vd","vGaDYlA","2026-09-03 08:13:16","Justice sociale, Justice climatique et protection de l’environnement (biodiversité, réduction des déchets), Lutte contre la désinformation","Justice climatique et protection de l’environnement (biodiversité, réduction des déchets), Justice sociale","Non, pas vraiment","Non, pas vraiment","Les responsables politiques, Les associations, Les citoyen·nes","En partie","Oui, plutôt","Non, pas du tout","Important","Oui, plutôt","Non, pas vraiment","Ses propositions concrètes","Juste","Extrême-gauche","Aux médias traditionnels (télévision, radio, journaux, magazines et affichage)","Médias (TV, radio, presse), Réseaux sociaux","true","true","false","false","false","false","false","Oui","Rejoindre une association, Voter","false","false","false","false","true","false","true","false","Oui, tout à fait","Manque d’accès à l’information, Manque de représentativité","false","true","true","false","false","false","false","Se sentir concerné·e par les enjeux, Se sentir mieux représenté·es","false","true","false","true","false","Oui","Oui","22","Homme","Bac+3 ou +4, ou diplôme de niveau équivalent","Étudiant·e","92 - Hauts-de-Seine"
"zEbZBGE","Y5bGWWJ","2026-09-03 08:15:07","Lutte contre le racisme et la xénophobie, Santé mentale (stress, anxiété, dépression), Droits des personnes LGBTQIA+","Justice climatique et protection de l’environnement (biodiversité, réduction des déchets), Justice sociale","Oui, plutôt","Non, pas du tout","Les responsables politiques, Les citoyen·nes, Les associations","En partie","Non, pas vraiment","Oui, plutôt","Important","Oui, tout à fait","Non, pas vraiment","Ses propositions concrètes","Gauche ","Gauche","Aux réseaux sociaux","Réseaux sociaux, Internet (sites d’information)","true","false","true","false","false","false","false","Oui","Manifester dans la rue, Signer, lancer ou relayer des pétitions","false","true","false","false","false","true","false","false","Oui, tout à fait","Manque de confiance envers les politiques, Manque d’intérêt","true","false","false","true","false","false","false","Mieux comprendre les programmes, Avoir plus confiance dans les candidat·es","true","false","true","false","false","Oui","Oui","24","Femme","Bac+5, ou diplôme de niveau équivalent","En emploi","69 - Rhône"
"VpxVedj","9qYZ17p","2026-09-03 08:30:06","Alimentation durable, Droits des femmes, Transports et mobilités durables","Alimentation durable, Justice climatique et protection de l’environnement (biodiversité, réduction des déchets)","Non, pas vraiment","Oui, plutôt","Les responsables politiques, Les associations, Les citoyen·nes","En partie","Oui, plutôt","Non, pas vraiment","Très important","Oui, plutôt","Non, pas vraiment","Ses propositions concrètes","engagé","Ecologiste","Aux sites internet","Entourage (ami·es, famille), Médias (TV, radio, presse)","false","true","false","true","false","false","false","Oui","Signer, lancer ou relayer des pétitions, Rejoindre une association","false","true","false","false","true","false","false","false","Oui, tout à fait","Manque de confiance envers les politiques, Manque de représentativité","true","true","false","false","false","false","false","Se sentir mieux représenté·es, Avoir plus confiance dans les candidat·es","false","false","true","true","false","Oui","Oui","22","Femme","Bac+3 ou +4, ou diplôme de niveau équivalent","Étudiant·e","92 - Hauts-de-Seine"
"7XPvX8A","xX7D9xy","2026-09-03 09:01:37","Lutte contre le racisme et la xénophobie, Éducation (orientation, égalité des chances), Justice climatique et protection de l’environnement (biodiversité, réduction des déchets)","Lutte contre le racisme et la xénophobie, Éducation (orientation, égalité des chances)","Non, pas vraiment","Non, pas du tout","Les associations, Les citoyen·nes, Les responsables politiques","En partie","Non, pas vraiment","Non, pas vraiment","Important","Non, pas vraiment","Non, pas du tout","Ses propositions concrètes","sincère","Centre-gauche","Aux sites internet","Internet (sites d’information)","false","false","true","false","false","false","false","Non","Rejoindre une association, Signer, lancer ou relayer des pétitions","false","true","false","false","true","false","false","false","Oui, tout à fait","Manque de confiance envers les politiques, Manque de représentativité","true","true","false","false","false","false","false","Se sentir mieux représenté·es, Se sentir concerné·e par les enjeux","false","true","false","true","false","Oui","Oui","22","Femme","Bac+3 ou +4, ou diplôme de niveau équivalent","Étudiant·e","59 - Nord"
"xV6yjzr","QKqRve8","2026-09-03 09:06:44","Droits humains, Santé (prévention), Justice sociale","Justice sociale, Sécurité","Non, pas vraiment","Non, pas du tout","Les responsables politiques, Les citoyen·nes, Les associations","Non","Oui, plutôt","Non, pas vraiment","Peu important","Non, pas vraiment","Non, pas du tout","Ses propositions concrètes","Intègre","Je préfère ne pas répondre","Aux réseaux sociaux","Réseaux sociaux","true","false","false","false","false","false","false","Non","Créer du contenu (vidéo, réseaux sociaux)","false","false","true","false","false","false","false","false","Oui, plutôt","Manque d’intérêt, Difficulté à comprendre les enjeux","false","false","false","true","false","true","false","Je ne sais pas","false","false","false","false","true","Oui","Je ne sais pas","23","Femme","Bac+5, ou diplôme de niveau équivalent","En emploi","59 - Nord"
"2jRv07p","A7YBrl0","2026-09-03 11:12:05","Accès à la culture, Lutte contre les violences policières, Lutte contre les discriminations religieuses","Éducation (orientation, égalité des chances), Lutte contre les discriminations religieuses","Non, pas vraiment","Non, pas vraiment","Les citoyen·nes, Les responsables politiques, Les associations","En partie","Non, pas vraiment","Non, pas vraiment","Très important","Oui, tout à fait","Non, pas vraiment","Ses propositions concrètes","À l’écoute ","Extrême-gauche","Aux réseaux sociaux","Réseaux sociaux, Internet (sites d’information)","true","false","true","false","false","false","false","Oui","Signer, lancer ou relayer des pétitions, Voter","false","true","false","false","false","false","true","false","Oui, tout à fait","Manque de confiance envers les politiques, Manque de représentativité","true","true","false","false","false","false","false","Se sentir concerné·e par les enjeux, Mieux comprendre les programmes","true","true","false","false","false","Oui","Oui","21","Femme","Bac+2 ou diplôme de niveau équivalent","Étudiant·e","93 - Seine-Saint-Denis"
"q5NW2ld","0QYedNN","2026-09-03 11:19:53","Justice climatique et protection de l’environnement (biodiversité, réduction des déchets), Lutte contre le racisme et la xénophobie, Droits des personnes LGBTQIA+","Justice climatique et protection de l’environnement (biodiversité, réduction des déchets), Droits des personnes LGBTQIA+","Non, pas vraiment","Oui, plutôt","Les citoyen·nes, Les responsables politiques, Les associations","En partie","Non, pas vraiment","Non, pas vraiment","Très important","Oui, plutôt","Oui, plutôt","Ses propositions concrètes","Écologique ","Ecologiste","Aux réseaux sociaux","Réseaux sociaux, Entourage (ami·es, famille)","true","false","false","true","false","false","false","Oui","Voter, Signer, lancer ou relayer des pétitions","false","true","false","false","false","false","true","false","Oui, tout à fait","Manque d’intérêt, Difficulté à comprendre les enjeux","false","false","false","true","false","true","false","Mieux comprendre les programmes, Se sentir concerné·e par les enjeux","true","true","false","false","false","Oui","Oui","24","Homme","Bac+8 et plus, doctorat","Étudiant·e","31 - Haute-Garonne"
"PRPXOo5","dWo9Yjq","2026-09-03 11:53:19","Accès à la culture, Alimentation durable, Éducation (orientation, égalité des chances)","Justice climatique et protection de l’environnement (biodiversité, réduction des déchets), Alimentation durable","Non, pas du tout","Non, pas du tout","Les responsables politiques, Les citoyen·nes, Les associations","En partie","Non, pas vraiment","Non, pas du tout","Très important","Oui, plutôt","Non, pas vraiment","Ses propositions concrètes","Concret","Gauche","Aux médias traditionnels (télévision, radio, journaux, magazines et affichage)","Entourage (ami·es, famille), Réseaux sociaux","true","false","false","true","false","false","false","Oui","Signer, lancer ou relayer des pétitions, Voter","false","true","false","false","false","false","true","false","Oui, tout à fait","Manque de confiance envers les politiques, Difficulté à comprendre les enjeux","true","false","false","false","false","true","false","Avoir plus confiance dans les candidat·es, Se sentir concerné·e par les enjeux","false","true","true","false","false","Oui","Oui","22","Femme","Bac+3 ou +4, ou diplôme de niveau équivalent","En emploi","75 - Paris"
"aOlrk89","jarPyR1","2026-09-03 14:53:45","Droits humains, Justice sociale, Lutte contre la désinformation","Justice climatique et protection de l’environnement (biodiversité, réduction des déchets), Justice sociale","Non, pas du tout","Non, pas du tout","Les responsables politiques, Les citoyen·nes, Les associations","Oui, intégralement","Non, pas du tout","Je ne sais pas","Important","Oui, plutôt","Non, pas du tout","Son appartenance politique, son parti","Expert écologique","Ecologiste","Aux médias traditionnels (télévision, radio, journaux, magazines et affichage)","Réseaux sociaux, Internet (sites d’information)","true","false","true","false","false","false","false","Non","Rejoindre une association, Manifester dans la rue","false","false","false","false","true","true","false","false","Oui, tout à fait","Manque d’intérêt, Manque de confiance envers les politiques","true","false","false","true","false","false","false","Je ne sais pas","false","false","false","false","true","Oui","Oui","24","Femme","Bac+5, ou diplôme de niveau équivalent","Étudiant·e","92 - Hauts-de-Seine"
"vXW0GeA","xX7Yvoy","2026-09-03 15:49:35","Droits des animaux, Droits des femmes, Logement","Santé mentale (stress, anxiété, dépression), Harcèlement scolaire","Non, pas vraiment","Non, pas du tout","Les citoyen·nes, Les associations, Les responsables politiques","Non","Non, pas vraiment","Non, pas vraiment","Très important","Non, pas vraiment","Non, pas du tout","Ses propositions concrètes","Honnête ","Gauche","Aux réseaux sociaux","Réseaux sociaux, Internet (sites d’information)","true","false","true","false","false","false","false","Non","Voter","false","false","false","false","false","false","true","false","Oui, plutôt","Manque d’intérêt, Difficulté à comprendre les enjeux","false","false","false","true","false","true","false","Se sentir mieux représenté·es, Avoir plus confiance dans les candidat·es","false","false","true","true","false","Oui","Je ne sais pas","24","Femme","Baccalauréat général, technologique, professionnel","En emploi","31 - Haute-Garonne"
"xV60VDr","68YNPRO","2026-09-03 15:52:44","Droits des personnes LGBTQIA+, Droits des femmes, Justice climatique et protection de l’environnement (biodiversité, réduction des déchets)","Justice climatique et protection de l’environnement (biodiversité, réduction des déchets), Lutte contre le racisme et la xénophobie","Je ne sais pas","Oui, plutôt","Les responsables politiques, Les associations, Les citoyen·nes","En partie","Non, pas vraiment","Non, pas vraiment","Très important","Oui, tout à fait","Non, pas vraiment","Ses propositions concrètes","intelligent","Gauche","Aux réseaux sociaux","Internet (sites d’information)","false","false","true","false","false","false","false","Oui","Rejoindre une association, Voter","false","false","false","false","true","false","true","false","Oui, plutôt","Manque de confiance envers les politiques, Manque d’accès à l’information","true","false","true","false","false","false","false","Avoir plus confiance dans les candidat·es","false","false","true","false","false","Oui","Oui","17","Femme","Baccalauréat général, technologique, professionnel","Étudiant·e","38 - Isère"
"aOljOK2","ODZGEEa","2026-09-03 15:53:41","Lutte contre le racisme et la xénophobie, Droits des personnes LGBTQIA+, Droits des femmes","Harcèlement scolaire, Lutte contre le racisme et la xénophobie","Je ne sais pas","Non, pas vraiment","Les citoyen·nes, Les associations, Les responsables politiques","Non","Oui, plutôt","Non, pas vraiment","Peu important","Non, pas vraiment","Non, pas du tout","Ses propositions concrètes","","Centre","Aux médias traditionnels (télévision, radio, journaux, magazines et affichage)","Réseaux sociaux, Entourage (ami·es, famille)","true","false","false","true","false","false","false","Oui","Participer à un projet artistique","false","false","false","true","false","false","false","false","Non, pas vraiment","Manque de confiance envers les politiques, Manque d’intérêt","true","false","false","true","false","false","false","Mieux comprendre les programmes, Se sentir concerné·e par les enjeux","true","true","false","false","false","Oui","Non","17","Homme","Brevet des collèges","Je préfère ne pas répondre","30 - Gard"
"8NEJN5P","D4ozaPR","2026-09-03 15:54:16","Droits des personnes LGBTQIA+, Handicap et lutte contre le validisme, Justice climatique et protection de l’environnement (biodiversité, réduction des déchets)","Justice climatique et protection de l’environnement (biodiversité, réduction des déchets), Handicap et lutte contre le validisme","Non, pas vraiment","Non, pas vraiment","Les responsables politiques, Les associations, Les citoyen·nes","En partie","Oui, plutôt","Non, pas vraiment","Très important","Non, pas vraiment","Non, pas vraiment","Ses propositions concrètes","Engagé.e","Ecologiste","Aux réseaux sociaux","Réseaux sociaux, Internet (sites d’information)","true","false","true","false","false","false","false","Non","Rejoindre une association, Signer, lancer ou relayer des pétitions","false","true","false","false","true","false","false","false","Oui, tout à fait","Manque de confiance envers les politiques, Manque de représentativité","true","true","false","false","false","false","false","Se sentir concerné·e par les enjeux, Se sentir mieux représenté·es","false","true","false","true","false","Oui","Oui","24","Femme","Bac+2 ou diplôme de niveau équivalent","Étudiant·e","51 - Marne"
"ArQ62Az","kd4Egpj","2026-09-03 16:02:50","Droits des personnes LGBTQIA+, Droits des femmes, Lutte contre le racisme et la xénophobie","Droits humains, Justice sociale","Non, pas vraiment","Non, pas vraiment","Les associations, Les citoyen·nes, Les responsables politiques","En partie","Oui, plutôt","Non, pas vraiment","Important","Oui, tout à fait","Non, pas du tout","Son appartenance politique, son parti","engagé","Gauche","Aux réseaux sociaux","Réseaux sociaux, Médias (TV, radio, presse)","true","true","false","false","false","false","false","Oui","Manifester dans la rue, Voter","false","false","false","false","false","true","true","false","Oui, tout à fait","Manque de confiance envers les politiques, Difficulté à comprendre les enjeux","true","false","false","false","false","true","false","Mieux comprendre les programmes, Se sentir mieux représenté·es","true","false","false","true","false","Oui","Oui","24","Non binaire","Baccalauréat général, technologique, professionnel","Sans emploi","04 - Alpes-de-Haute-Provence"
"9Nr61M1","Me2RlPX","2026-09-03 16:23:32","Droits humains, Santé mentale (stress, anxiété, dépression), Justice sociale","Droits humains, Justice sociale","Non, pas vraiment","Non, pas vraiment","Les responsables politiques, Les associations, Les citoyen·nes","En partie","Oui, plutôt","Non, pas vraiment","Important","Oui, plutôt","Non, pas du tout","Ses propositions concrètes","Juste","Extrême-gauche","Aux sites internet","Médias (TV, radio, presse), Internet (sites d’information)","false","true","true","false","false","false","false","Non","Rejoindre une association, Participer à un projet artistique","false","false","false","true","true","false","false","false","Oui, tout à fait","Manque de confiance envers les politiques, Difficulté à comprendre les enjeux","true","false","false","false","false","true","false","Se sentir concerné·e par les enjeux, Se sentir mieux représenté·es","false","true","false","true","false","Oui","Oui","22","Homme","Baccalauréat général, technologique, professionnel","Sans emploi","44 - Loire-Atlantique"
"KpRPRxz","0QYOXg6","2026-09-03 17:02:33","Justice climatique et protection de l’environnement (biodiversité, réduction des déchets), Alimentation durable, Droits humains","Justice climatique et protection de l’environnement (biodiversité, réduction des déchets), Alimentation durable","Non, pas vraiment","Non, pas vraiment","Les citoyen·nes, Les responsables politiques, Les associations","En partie","Oui, plutôt","Oui, plutôt","Important","Oui, plutôt","Non, pas du tout","Ses propositions concrètes","citoyen.ne","Extrême-gauche","Aux réseaux sociaux","Internet (sites d’information), Réseaux sociaux","true","false","true","false","false","false","false","Oui","Signer, lancer ou relayer des pétitions, Voter","false","true","false","false","false","false","true","false","Oui, tout à fait","Manque de confiance envers les politiques, Manque d’intérêt","true","false","false","true","false","false","false","Avoir plus confiance dans les candidat·es, Se sentir mieux représenté·es","false","false","true","true","false","Oui","Oui","21","Homme","Baccalauréat général, technologique, professionnel","En emploi","44 - Loire-Atlantique"
"4aG1yMY","vGayjMQ","2026-09-03 17:18:00","Santé mentale (stress, anxiété, dépression), Droits des femmes, Droits humains","Justice climatique et protection de l’environnement (biodiversité, réduction des déchets), Lutte contre le racisme et la xénophobie","Oui, plutôt","Non, pas vraiment","Les citoyen·nes, Les associations, Les responsables politiques","En partie","Non, pas vraiment","Non, pas vraiment","Très important","Oui, plutôt","Non, pas vraiment","Ses propositions concrètes","Qui respecte tout le monde et la planète","Extrême-gauche","Aux réseaux sociaux","Internet (sites d’information), Milieu scolaire / réseau étudiant","false","false","true","false","true","false","false","Oui","Signer, lancer ou relayer des pétitions, Rejoindre une association","false","true","false","false","true","false","false","false","Oui, tout à fait","Manque de confiance envers les politiques, Difficulté à comprendre les enjeux","true","false","false","false","false","true","false","Se sentir concerné·e par les enjeux, Se sentir mieux représenté·es","false","true","false","true","false","Oui","Oui","24","Femme","Bac+3 ou +4, ou diplôme de niveau équivalent","En emploi","44 - Loire-Atlantique"
"gbOWjd4","GxVdzY2","2026-09-03 18:06:36","Droits des personnes LGBTQIA+, Droits humains, Droits des femmes","Lutte contre le racisme et la xénophobie, Justice climatique et protection de l’environnement (biodiversité, réduction des déchets)","Non, pas vraiment","Non, pas du tout","Les responsables politiques, Les citoyen·nes, Les associations","Oui, intégralement","Non, pas vraiment","Non, pas du tout","Important","Non, pas vraiment","Non, pas du tout","Ses propositions concrètes","gaucho","Gauche","Aux réseaux sociaux","Réseaux sociaux, Entourage (ami·es, famille)","true","false","false","true","false","false","false","Oui","Signer, lancer ou relayer des pétitions, Voter","false","true","false","false","false","false","true","false","Oui, plutôt","Manque de confiance envers les politiques, Difficulté à comprendre les enjeux","true","false","false","false","false","true","false","Avoir plus confiance dans les candidat·es, Se sentir mieux représenté·es","false","false","true","true","false","Oui","Oui","23","Homme","Bac+5, ou diplôme de niveau équivalent","Étudiant·e","75 - Paris"
"DqW0yJE","ZjA6Xva","2026-09-03 19:47:45","Droits des personnes LGBTQIA+, Droits humains, Droits des femmes","Justice climatique et protection de l’environnement (biodiversité, réduction des déchets), Droits humains","Non, pas vraiment","Non, pas du tout","Les citoyen·nes, Les associations, Les responsables politiques","Oui, intégralement","Non, pas du tout","Non, pas du tout","Important","Non, pas vraiment","Non, pas du tout","Ses propositions concrètes","","Gauche","Aux réseaux sociaux","Entourage (ami·es, famille), Internet (sites d’information)","false","false","true","true","false","false","false","Oui","Manifester dans la rue, Voter","false","false","false","false","false","true","true","false","Oui, tout à fait","Manque de confiance envers les politiques, Manque de représentativité","true","true","false","false","false","false","false","Se sentir mieux représenté·es, Se sentir concerné·e par les enjeux","false","true","false","true","false","Oui","Oui","24","Femme","Bac+2 ou diplôme de niveau équivalent","Étudiant·e","85 - Vendée"
"jeErp5J","xX70e0k","2026-09-05 13:50:34","Justice sociale, Justice climatique et protection de l’environnement (biodiversité, réduction des déchets), Éducation (orientation, égalité des chances)","Justice climatique et protection de l’environnement (biodiversité, réduction des déchets), Politique étrangère","Non, pas vraiment","Non, pas vraiment","Les responsables politiques, Les associations, Les citoyen·nes","En partie","Non, pas vraiment","Non, pas vraiment","Très important","Non, pas vraiment","Oui, plutôt","Ses propositions concrètes","Pacificateur","Ecologiste","Aux sites internet","Médias (TV, radio, presse), Réseaux sociaux","true","true","false","false","false","false","false","Oui","Voter, Rejoindre une association","false","false","false","false","true","false","true","false","Oui, plutôt","Manque d’accès à l’information, Difficulté à comprendre les enjeux","false","false","true","false","false","true","false","Se sentir concerné·e par les enjeux, Avoir plus confiance dans les candidat·es","false","true","true","false","false","Oui","Oui","18","Femme","Bac+2 ou diplôme de niveau équivalent","Étudiant·e","93 - Seine-Saint-Denis"
"bZARAgZ","VLaoy4N","2026-09-05 16:23:15","Harcèlement scolaire, Santé mentale (stress, anxiété, dépression), Droits des personnes LGBTQIA+","Éducation (orientation, égalité des chances), Justice climatique et protection de l’environnement (biodiversité, réduction des déchets)","Je ne sais pas","Oui, plutôt","Les associations, Les citoyen·nes, Les responsables politiques","En partie","Oui, plutôt","Non, pas vraiment","Important","Oui, plutôt","Non, pas du tout","Ses propositions concrètes","Prevoyant","Gauche","Aux médias traditionnels (télévision, radio, journaux, magazines et affichage)","Réseaux sociaux, Structures jeunesse (missions locales, associations…)","true","false","false","false","false","true","false","Oui","Participer à un projet artistique, Rejoindre une association","false","false","false","true","true","false","false","false","Oui, tout à fait","Manque de représentativité, Difficulté à comprendre les enjeux","false","true","false","false","false","true","false","Mieux comprendre les programmes, Se sentir mieux représenté·es","true","false","false","true","false","Oui","Oui","18","Homme","Baccalauréat général, technologique, professionnel","Étudiant·e","45 - Loiret"
"rDq9gRR","PdN8eEe","2026-09-05 16:27:35","Droits humains, Logement","Droits humains, Logement","Oui, plutôt","Non, pas vraiment","Les responsables politiques, Les associations, Les citoyen·nes","Oui, intégralement","Non, pas du tout","Non, pas vraiment","Très important","Oui, tout à fait","Non, pas vraiment","Ses propositions concrètes","Honnête ","Gauche","Aux médias traditionnels (télévision, radio, journaux, magazines et affichage)","Médias (TV, radio, presse), Internet (sites d’information)","false","true","true","false","false","false","false","Oui","Manifester dans la rue, Voter","false","false","false","false","false","true","true","false","Oui, tout à fait","Manque d’accès à l’information, Manque de temps","false","false","true","false","true","false","false","Mieux comprendre les programmes, Se sentir concerné·e par les enjeux","true","true","false","false","false","Oui","Oui","17","Homme","Baccalauréat général, technologique, professionnel","Étudiant·e","45 - Loiret"
"xV68N9r","zxA2Dr8","2026-09-05 18:45:23","Droits des personnes LGBTQIA+, Droits des femmes, Accès à la culture","Justice sociale, Droits humains","Non, pas vraiment","Non, pas vraiment","Les responsables politiques, Les associations, Les citoyen·nes","En partie","Oui, plutôt","Non, pas du tout","Très important","Oui, tout à fait","Non, pas vraiment","Ses propositions concrètes","À l'écoute des citoyens ","Gauche","Aux réseaux sociaux","Réseaux sociaux, Internet (sites d’information)","true","false","true","false","false","false","false","Oui","Signer, lancer ou relayer des pétitions, Rejoindre une association","false","true","false","false","true","false","false","false","Oui, plutôt","Manque de confiance envers les politiques, Difficulté à comprendre les enjeux","true","false","false","false","false","true","false","Se sentir concerné·e par les enjeux, Mieux comprendre les programmes","true","true","false","false","false","Non","","15","Femme","Brevet des collèges","Lycéen·ne","44 - Loire-Atlantique"
"e5og9ol","PdNvAjQ","2026-09-05 18:55:46","Droits des personnes LGBTQIA+, Santé mentale (stress, anxiété, dépression), Justice climatique et protection de l’environnement (biodiversité, réduction des déchets)","Éducation (orientation, égalité des chances), Justice climatique et protection de l’environnement (biodiversité, réduction des déchets)","Non, pas vraiment","Non, pas vraiment","Les responsables politiques, Les citoyen·nes, Les associations","Oui, intégralement","Non, pas du tout","Non, pas vraiment","Important","Oui, plutôt","Non, pas vraiment","Son appartenance politique, son parti","Woke ","Extrême-gauche","Aux réseaux sociaux","Réseaux sociaux, Entourage (ami·es, famille)","true","false","false","true","false","false","false","Oui","Participer à des ateliers, débats, Rejoindre une association","true","false","false","false","true","false","false","false","Oui, tout à fait","Manque d’intérêt, Manque de représentativité","false","true","false","true","false","false","false","Se sentir mieux représenté·es, Avoir plus confiance dans les candidat·es","false","false","true","true","false","Oui","Oui","21","Homme","Bac+3 ou +4, ou diplôme de niveau équivalent","Étudiant·e","44 - Loire-Atlantique"
"9NrA2PQ","obZKADX","2026-09-05 18:56:21","Éducation (orientation, égalité des chances), Lutte contre le racisme et la xénophobie, Droits des femmes","Éducation (orientation, égalité des chances), Justice sociale","Je ne sais pas","Je ne sais pas","Les responsables politiques, Les associations, Les citoyen·nes","En partie","Non, pas vraiment","Oui, plutôt","Important","Non, pas vraiment","Non, pas vraiment","Ses propositions concrètes","Honnête","Centre-gauche","Aux médias traditionnels (télévision, radio, journaux, magazines et affichage)","Réseaux sociaux, Médias (TV, radio, presse)","true","true","false","false","false","false","false","Non","Rejoindre une association, Manifester dans la rue","false","false","false","false","true","true","false","false","Oui, tout à fait","Manque de confiance envers les politiques, Manque de représentativité","true","true","false","false","false","false","false","Se sentir mieux représenté·es, Avoir plus confiance dans les candidat·es","false","false","true","true","false","Oui","Non","24","Homme","Bac+5, ou diplôme de niveau équivalent","Sans emploi","75 - Paris"
"vXW8J9g","5BY8kod","2026-09-05 19:06:38","Lutte contre le racisme et la xénophobie, Lutte contre les violences policières, Protection des données et de la vie privée (numérique)","Protection des données et de la vie privée (numérique), Lutte contre le racisme et la xénophobie","Non, pas du tout","Non, pas du tout","Les responsables politiques, Les citoyen·nes, Les associations","En partie","Oui, plutôt","Non, pas vraiment","Important","Oui, plutôt","Non, pas vraiment","Ses propositions concrètes","","Gauche","Aux réseaux sociaux","Réseaux sociaux, Médias (TV, radio, presse)","true","true","false","false","false","false","false","Non","Manifester dans la rue, Rejoindre une association","false","false","false","false","true","true","false","false","Oui, plutôt","Difficulté à comprendre les enjeux, Manque d’intérêt","false","false","false","true","false","true","false","Mieux comprendre les programmes, Se sentir concerné·e par les enjeux","true","true","false","false","false","Oui","Oui","24","Homme","Bac+5, ou diplôme de niveau équivalent","En emploi","75 - Paris"
"6DV6VJO","Me2vYN0","2026-09-05 19:23:12","Justice climatique et protection de l’environnement (biodiversité, réduction des déchets), Justice sociale, Droits des animaux","Justice climatique et protection de l’environnement (biodiversité, réduction des déchets), Alimentation durable","Non, pas vraiment","Non, pas du tout","Les associations, Les citoyen·nes, Les responsables politiques","En partie","Oui, plutôt","Je ne sais pas","Important","Oui, plutôt","Non, pas vraiment","Ses propositions concrètes","Écologiste ","Extrême-gauche","Aux sites internet","Réseaux sociaux, Internet (sites d’information)","true","false","true","false","false","false","false","Non","Participer à un projet artistique, Rejoindre une association","false","false","false","true","true","false","false","false","Non, pas vraiment","Manque de confiance envers les politiques, Manque de représentativité","true","true","false","false","false","false","false","Avoir plus confiance dans les candidat·es, Se sentir mieux représenté·es","false","false","true","true","false","Oui","Oui","20","Homme","Bac+2 ou diplôme de niveau équivalent","Étudiant·e","69 - Rhône"
"e5ogjrE","eqGK9Mo","2026-09-05 19:49:47","Droits humains, Santé mentale (stress, anxiété, dépression), Éducation (orientation, égalité des chances)","Éducation (orientation, égalité des chances), Lutte contre le racisme et la xénophobie","Oui, plutôt","Non, pas du tout","Les responsables politiques, Les citoyen·nes, Les associations","En partie","Non, pas vraiment","Non, pas vraiment","Très important","Oui, tout à fait","Non, pas vraiment","Ses propositions concrètes","gauchiste","Gauche","Aux réseaux sociaux","Entourage (ami·es, famille), Internet (sites d’information)","false","false","true","true","false","false","false","Oui","Voter, Rejoindre une association","false","false","false","false","true","false","true","false","Oui, tout à fait","Difficulté à comprendre les enjeux, Manque d’intérêt","false","false","false","true","false","true","false","Se sentir mieux représenté·es, Se sentir concerné·e par les enjeux","false","true","false","true","false","Oui","Oui","17","Femme","Baccalauréat général, technologique, professionnel","Lycéen·ne","44 - Loire-Atlantique"
"KpRrAMk","Xx71OXY","2026-09-05 19:55:30","Droits des femmes, Justice climatique et protection de l’environnement (biodiversité, réduction des déchets), Économie","Économie","Non, pas vraiment","Non, pas vraiment","Les associations, Les citoyen·nes, Les responsables politiques","En partie","Non, pas vraiment","Oui, plutôt","Important","Oui, tout à fait","Non, pas vraiment","Ses propositions concrètes","Symbole","Extrême-gauche","Aux réseaux sociaux","Réseaux sociaux, Médias (TV, radio, presse)","true","true","false","false","false","false","false","Non","Rejoindre une association, Participer à des ateliers, débats","true","false","false","false","true","false","false","false","Oui, plutôt","Manque de confiance envers les politiques, Manque de représentativité","true","true","false","false","false","false","false","Avoir plus confiance dans les candidat·es, Se sentir mieux représenté·es","false","false","true","true","false","Oui","Oui","24","Femme","Bac+5, ou diplôme de niveau équivalent","En emploi","60 - Oise"
"LDo4jBp","dWoKK5r","2026-09-05 20:02:48","Droits des personnes LGBTQIA+, Santé mentale (stress, anxiété, dépression), Lutte contre la grossophobie","Droits des femmes, Santé mentale (stress, anxiété, dépression)","Oui, plutôt","Non, pas vraiment","Les responsables politiques, Les associations, Les citoyen·nes","En partie","Oui, plutôt","Oui, plutôt","Important","Non, pas vraiment","Non, pas vraiment","Ses propositions concrètes","Compréhensif ","Extrême-gauche","Aux médias traditionnels (télévision, radio, journaux, magazines et affichage)","Réseaux sociaux, Entourage (ami·es, famille)","true","false","false","true","false","false","false","Non","Signer, lancer ou relayer des pétitions, Manifester dans la rue","false","true","false","false","false","true","false","false","Oui, plutôt","Manque de représentativité, Manque de confiance envers les politiques","true","true","false","false","false","false","false","Se sentir concerné·e par les enjeux, Se sentir mieux représenté·es","false","true","false","true","false","Non","Je ne sais pas","16","Femme","Brevet des collèges","Lycéen·ne","44 - Loire-Atlantique"
"Ge7OOMe","2EY1DRM","2026-09-05 20:13:55","Droits humains, Lutte contre les violences policières, Droits des femmes","Lutte contre les violences policières, Santé mentale (stress, anxiété, dépression)","Oui, plutôt","Non, pas du tout","Les responsables politiques, Les associations, Les citoyen·nes","En partie","Non, pas vraiment","Oui, plutôt","Très important","Oui, tout à fait","Non, pas du tout","Ses propositions concrètes","Humain","Anarchiste","Aux médias traditionnels (télévision, radio, journaux, magazines et affichage)","Réseaux sociaux, Médias (TV, radio, presse)","true","true","false","false","false","false","false","Oui","Manifester dans la rue, Rejoindre une association","false","false","false","false","true","true","false","false","Non, pas vraiment","Manque de confiance envers les politiques, Manque d’accès à l’information","true","false","true","false","false","false","false","Se sentir concerné·e par les enjeux, Se sentir mieux représenté·es","false","true","false","true","false","Non","Oui","16","Femme","Brevet des collèges","Lycéen·ne","44 - Loire-Atlantique"
"bZA1b62","obZKp15","2026-09-05 20:51:01","Justice climatique et protection de l’environnement (biodiversité, réduction des déchets), Lutte contre la désinformation, Éducation (orientation, égalité des chances)","Éducation (orientation, égalité des chances), Justice climatique et protection de l’environnement (biodiversité, réduction des déchets)","Oui, plutôt","Non, pas vraiment","Les responsables politiques, Les citoyen·nes, Les associations","Oui, intégralement","Non, pas du tout","Non, pas vraiment","Très important","Oui, tout à fait","Non, pas vraiment","Ses propositions concrètes","Efficace ","Gauche","Aux médias traditionnels (télévision, radio, journaux, magazines et affichage)","Médias (TV, radio, presse), Réseaux sociaux","true","true","false","false","false","false","false","Non","Manifester dans la rue, Voter","false","false","false","false","false","true","true","false","Oui, tout à fait","Manque d’intérêt, Difficulté à comprendre les enjeux","false","false","false","true","false","true","false","Se sentir concerné·e par les enjeux, Se sentir mieux représenté·es","false","true","false","true","false","Non","","16","Femme","Baccalauréat général, technologique, professionnel","Lycéen·ne","44 - Loire-Atlantique"
"KpRKzp7","obZKZ6V","2026-09-05 21:20:11","Éducation (orientation, égalité des chances), Santé mentale (stress, anxiété, dépression), Alimentation durable","Éducation (orientation, égalité des chances), Protection des données et de la vie privée (numérique)","Oui, plutôt","Non, pas vraiment","Les associations, Les responsables politiques, Les citoyen·nes","En partie","Non, pas vraiment","Oui, plutôt","Important","Oui, plutôt","Non, pas du tout","Son appartenance politique, son parti","Compréhensible ","Gauche","Aux réseaux sociaux","Réseaux sociaux, Médias (TV, radio, presse)","true","true","false","false","false","false","false","Oui","Participer à des ateliers, débats, Rejoindre une association","true","false","false","false","true","false","false","false","Oui, plutôt","Manque d’intérêt, Difficulté à comprendre les enjeux","false","false","false","true","false","true","false","Se sentir concerné·e par les enjeux, Mieux comprendre les programmes","true","true","false","false","false","Non","Oui","17","Homme","Brevet des collèges","Lycéen·ne","93 - Seine-Saint-Denis"
"Ge7AWlQ","zxAGJ8a","2026-09-06 01:53:44","Éducation (orientation, égalité des chances), Justice sociale, Politique étrangère","Justice sociale, Justice climatique et protection de l’environnement (biodiversité, réduction des déchets)","Oui, plutôt","Non, pas vraiment","Les responsables politiques, Les associations, Les citoyen·nes","En partie","Non, pas du tout","Non, pas du tout","Important","Oui, tout à fait","Non, pas vraiment","Ses propositions concrètes","Juste","Gauche","Aux médias traditionnels (télévision, radio, journaux, magazines et affichage)","Médias (TV, radio, presse), Réseaux sociaux","true","true","false","false","false","false","false","Non","Participer à des ateliers, débats, Rejoindre une association","true","false","false","false","true","false","false","false","Oui, plutôt","Manque de confiance envers les politiques, Manque de représentativité","true","true","false","false","false","false","false","Se sentir concerné·e par les enjeux, Se sentir mieux représenté·es","false","true","false","true","false","Oui","Oui","24","Homme","Bac+5, ou diplôme de niveau équivalent","En emploi","75 - Paris"
"5XOA6Rb","zxA1Yv0","2026-09-06 06:58:59","Lutte contre les discriminations religieuses, Santé mentale (stress, anxiété, dépression), Lutte contre les violences policières","Santé mentale (stress, anxiété, dépression), Lutte contre les discriminations religieuses","Je ne sais pas","Oui, plutôt","Les responsables politiques, Les associations, Les citoyen·nes","Non","Oui, plutôt","Non, pas du tout","Très important","Oui, plutôt","Non, pas vraiment","Ses propositions concrètes","Égalité ","Centre","Aux réseaux sociaux","Réseaux sociaux, Médias (TV, radio, presse)","true","true","false","false","false","false","false","Non","Signer, lancer ou relayer des pétitions","false","true","false","false","false","false","false","false","Oui, plutôt","Manque de confiance envers les politiques, Difficulté à comprendre les enjeux","true","false","false","false","false","true","false","Se sentir concerné·e par les enjeux, Mieux comprendre les programmes","true","true","false","false","false","Non","","16","Femme","Brevet des collèges","Lycéen·ne","44 - Loire-Atlantique"
"jeERbDQ","44Yp2Vo","2026-09-06 07:19:42","Santé mentale (stress, anxiété, dépression), Droits des femmes, Droits des personnes LGBTQIA+","Justice climatique et protection de l’environnement (biodiversité, réduction des déchets), Éducation (orientation, égalité des chances)","Non, pas vraiment","Non, pas vraiment","Les responsables politiques, Les associations, Les citoyen·nes","Non","Oui, plutôt","Non, pas du tout","Important","Non, pas vraiment","Non, pas vraiment","Ses propositions concrètes","","Je préfère ne pas répondre","Aux réseaux sociaux","Internet (sites d’information), Entourage (ami·es, famille)","false","false","true","true","false","false","false","Non","Rejoindre une association, Voter","false","false","false","false","true","false","true","false","Oui, plutôt","Manque d’intérêt, Difficulté à comprendre les enjeux","false","false","false","true","false","true","false","Se sentir concerné·e par les enjeux, Se sentir mieux représenté·es","false","true","false","true","false","Non","","16","Femme","Brevet des collèges","Lycéen·ne","44 - Loire-Atlantique"
"J1BPDeR","Xx7219g","2026-09-06 08:17:12","Harcèlement scolaire, Santé mentale (stress, anxiété, dépression), Éducation (orientation, égalité des chances)","Droits des personnes LGBTQIA+, Lutte contre les discriminations religieuses","Je ne sais pas","Non, pas vraiment","Les citoyen·nes, Les associations, Les responsables politiques","Non","Oui, plutôt","Non, pas vraiment","Peu important","Non, pas vraiment","Non, pas vraiment","Ses propositions concrètes","","Gauche","Aux médias traditionnels (télévision, radio, journaux, magazines et affichage)","Entourage (ami·es, famille), Structures jeunesse (missions locales, associations…)","false","false","false","true","false","true","false","Oui","Signer, lancer ou relayer des pétitions, Rejoindre une association","false","true","false","false","true","false","false","false","Oui, plutôt","Manque de confiance envers les politiques, Manque de représentativité","true","true","false","false","false","false","false","Se sentir mieux représenté·es, Avoir plus confiance dans les candidat·es","false","false","true","true","false","Non","Non","16","Femme","Baccalauréat général, technologique, professionnel","Lycéen·ne","44 - Loire-Atlantique"
"o9xPZY1","A7YjRXB","2026-09-06 09:43:47","Lutte contre le racisme et la xénophobie, Droits humains, Justice climatique et protection de l’environnement (biodiversité, réduction des déchets)","Justice climatique et protection de l’environnement (biodiversité, réduction des déchets)","Non, pas du tout","Non, pas du tout","Les responsables politiques, Les citoyen·nes, Les associations","En partie","Non, pas vraiment","Non, pas vraiment","Très important","Oui, tout à fait","Non, pas du tout","Ses propositions concrètes","Réaliste ","Centre-gauche","Aux médias traditionnels (télévision, radio, journaux, magazines et affichage)","Réseaux sociaux, Médias (TV, radio, presse)","true","true","false","false","false","false","false","Oui","Rejoindre une association, Voter","false","false","false","false","true","false","true","false","Oui, tout à fait","Manque de confiance envers les politiques, Difficulté à comprendre les enjeux","true","false","false","false","false","true","false","Avoir plus confiance dans les candidat·es, Se sentir mieux représenté·es","false","false","true","true","false","Non","","16","Homme","Baccalauréat général, technologique, professionnel","Lycéen·ne","44 - Loire-Atlantique"
"q5N9Dyk","Xx7zxNY","2026-09-06 11:01:09","Droits des femmes, Droits des personnes LGBTQIA+, Droits humains","Droits des personnes LGBTQIA+, Droits des femmes","Oui, plutôt","Non, pas du tout","Les citoyen·nes, Les associations, Les responsables politiques","En partie","Oui, tout à fait","Non, pas du tout","Très important","Oui, tout à fait","Non, pas vraiment","Son appartenance politique, son parti","Libéralisme culturel ","Gauche","Aux réseaux sociaux","Réseaux sociaux, Entourage (ami·es, famille)","true","false","false","true","false","false","false","Non","Manifester dans la rue, Voter","false","false","false","false","false","true","true","false","Oui, tout à fait","Manque de confiance envers les politiques, Manque d’accès à l’information","true","false","true","false","false","false","false","Mieux comprendre les programmes, Se sentir concerné·e par les enjeux","true","true","false","false","false","Non","","17","Femme","Brevet des collèges","Lycéen·ne","44 - Loire-Atlantique"
"o9xqB0x","rjQvOEM","2026-09-06 11:30:22","Accès à la culture, Droits des femmes, Harcèlement scolaire","Droits des femmes, Éducation (orientation, égalité des chances)","Non, pas vraiment","Non, pas vraiment","Les citoyen·nes, Les responsables politiques, Les associations","En partie","Oui, plutôt","Non, pas vraiment","Très important","Oui, tout à fait","Non, pas du tout","Ses propositions concrètes","Engagé","Droite","Aux médias traditionnels (télévision, radio, journaux, magazines et affichage)","Médias (TV, radio, presse), Milieu scolaire / réseau étudiant","false","true","false","false","true","false","false","Oui","Rejoindre une association, Manifester dans la rue","false","false","false","false","true","true","false","false","Oui, tout à fait","Manque de confiance envers les politiques, Manque de représentativité","true","true","false","false","false","false","false","Avoir plus confiance dans les candidat·es, Se sentir mieux représenté·es","false","false","true","true","false","Oui","Oui","17","Femme","Baccalauréat général, technologique, professionnel","Étudiant·e","75 - Paris"
"NqOk8Zj","WO6qkea","2026-09-06 18:08:37","Justice sociale, Droits des femmes, Lutte contre le racisme et la xénophobie","Éducation (orientation, égalité des chances), Justice sociale","Non, pas vraiment","Non, pas vraiment","Les associations, Les citoyen·nes, Les responsables politiques","En partie","Non, pas vraiment","Non, pas vraiment","Très important","Oui, plutôt","Non, pas du tout","Ses propositions concrètes","Concerné.e","Extrême-gauche","Aux sites internet","Réseaux sociaux, Internet (sites d’information)","true","false","true","false","false","false","false","Oui","Rejoindre une association, Voter","false","false","false","false","true","false","true","false","Oui, plutôt","Manque de représentativité, Difficulté à comprendre les enjeux","false","true","false","false","false","true","false","Mieux comprendre les programmes, Se sentir mieux représenté·es","true","false","false","true","false","Oui","Oui","24","Femme","Bac+5, ou diplôme de niveau équivalent","Étudiante vacataire","93 - Seine-Saint-Denis"
"J1GKVK7","pbNM0Lq","2026-09-07 10:20:10","Droits des femmes, Lutte contre le racisme et la xénophobie, Justice climatique et protection de l’environnement (biodiversité, réduction des déchets)","Justice climatique et protection de l’environnement (biodiversité, réduction des déchets), Justice sociale","Oui, plutôt","Non, pas vraiment","Les citoyen·nes, Les associations, Les responsables politiques","Oui, intégralement","Non, pas vraiment","Non, pas vraiment","Très important","Oui, plutôt","Non, pas du tout","Ses propositions concrètes","Responsable ","Gauche","Aux médias traditionnels (télévision, radio, journaux, magazines et affichage)","Structures jeunesse (missions locales, associations…), Médias (TV, radio, presse)","false","true","false","false","false","true","false","Oui","Rejoindre une association, Voter","false","false","false","false","true","false","true","false","Oui, tout à fait","Manque de confiance envers les politiques, Manque de représentativité","true","true","false","false","false","false","false","Avoir plus confiance dans les candidat·es, Se sentir mieux représenté·es","false","false","true","true","false","Oui","Oui","23","Femme","Bac+5, ou diplôme de niveau équivalent","Étudiant·e","75 - Paris"
"q5gZQWk","Me2gqKM","2026-09-07 11:23:55","Droits des femmes, Accès à la culture, Politique étrangère","Droits humains, Justice climatique et protection de l’environnement (biodiversité, réduction des déchets)","Non, pas vraiment","Oui, plutôt","Les responsables politiques, Les citoyen·nes, Les associations","Non","Oui, plutôt","Non, pas vraiment","Important","Non, pas vraiment","Non, pas du tout","Ses propositions concrètes","une femme (mais pas extreme droite)","Centre-gauche","Aux médias traditionnels (télévision, radio, journaux, magazines et affichage)","Médias (TV, radio, presse), Réseaux sociaux","true","true","false","false","false","false","false","Non","Signer, lancer ou relayer des pétitions, Voter","false","true","false","false","false","false","true","false","Oui, tout à fait","Manque d’accès à l’information, Difficulté à comprendre les enjeux","false","false","true","false","false","true","false","Se sentir concerné·e par les enjeux, Mieux comprendre les programmes","true","true","false","false","false","Oui","Oui","19","Femme","Bac+2 ou diplôme de niveau équivalent","Étudiant·e","75 - Paris"
"q5g4OMG","lbjZaeB","2026-09-07 12:52:19","Droits des femmes, Protection des données et de la vie privée (numérique), Lutte contre le racisme et la xénophobie","Justice climatique et protection de l’environnement (biodiversité, réduction des déchets), Justice sociale","Non, pas vraiment","Non, pas vraiment","Les associations, Les citoyen·nes, Les responsables politiques","En partie","Non, pas vraiment","Non, pas vraiment","Important","Oui, plutôt","Non, pas vraiment","Ses propositions concrètes","sérieux","Je préfère ne pas répondre","Aux médias traditionnels (télévision, radio, journaux, magazines et affichage)","Médias (TV, radio, presse), Internet (sites d’information)","false","true","true","false","false","false","false","Non","Voter","false","false","false","false","false","false","true","false","Oui, plutôt","Manque d’intérêt, Manque de confiance envers les politiques","true","false","false","true","false","false","false","Se sentir concerné·e par les enjeux","false","true","false","false","false","Oui","Oui","19","Femme","Bac+2 ou diplôme de niveau équivalent","Étudiant·e","75 - Paris"
"VpqpQ6y","xX7B6Nr","2026-09-07 14:40:11","Lutte contre les violences policières, Droits des femmes, Justice climatique et protection de l’environnement (biodiversité, réduction des déchets)","Droits humains, Lutte contre le racisme et la xénophobie","Oui, plutôt","Non, pas vraiment","Les responsables politiques, Les associations, Les citoyen·nes","En partie","Non, pas vraiment","Oui, plutôt","Important","Oui, tout à fait","Non, pas vraiment","Ses propositions concrètes","","Gauche","Aux réseaux sociaux","Réseaux sociaux, Entourage (ami·es, famille)","true","false","false","true","false","false","false","Oui","Participer à un projet artistique, Rejoindre une association","false","false","false","true","true","false","false","false","Oui, tout à fait","Manque de représentativité, Manque de confiance envers les politiques","true","true","false","false","false","false","false","Se sentir concerné·e par les enjeux, Se sentir mieux représenté·es","false","true","false","true","false","Oui","Oui","20","Femme","Bac+2 ou diplôme de niveau équivalent","Étudiant·e","75 - Paris"
"pe5eAyB","xX7B11E","2026-09-07 15:00:45","Harcèlement scolaire, Droits des femmes, Justice climatique et protection de l’environnement (biodiversité, réduction des déchets)","Éducation (orientation, égalité des chances), Justice climatique et protection de l’environnement (biodiversité, réduction des déchets)","Non, pas vraiment","Non, pas vraiment","Les responsables politiques, Les associations, Les citoyen·nes","Non","Non, pas vraiment","Non, pas du tout","Important","Non, pas vraiment","Non, pas du tout","Ses propositions concrètes","A l’écoute ","Centre-droite","Aux médias traditionnels (télévision, radio, journaux, magazines et affichage)","Médias (TV, radio, presse), Entourage (ami·es, famille)","false","true","false","true","false","false","false","Non","Voter, Créer du contenu (vidéo, réseaux sociaux)","false","false","true","false","false","false","true","false","Oui, plutôt","Manque de confiance envers les politiques, Difficulté à comprendre les enjeux","true","false","false","false","false","true","false","Se sentir concerné·e par les enjeux, Avoir plus confiance dans les candidat·es","false","true","true","false","false","Oui","Oui","18","Homme","Brevet des collèges","Lycéen·ne","75 - Paris"
"0VGVa1j","Xx7ya9e","2026-09-07 15:39:20","Droits humains, Justice sociale, Droits des femmes","Droits humains, Justice sociale","Non, pas du tout","Non, pas du tout","Les responsables politiques, Les citoyen·nes, Les associations","Oui, intégralement","Non, pas vraiment","Oui, plutôt","Important","Oui, plutôt","Non, pas du tout","Ses propositions concrètes","inexistant ","Extrême-gauche","Aux médias traditionnels (télévision, radio, journaux, magazines et affichage)","Médias (TV, radio, presse), Internet (sites d’information)","false","true","true","false","false","false","false","Oui","Manifester dans la rue, Voter","false","false","false","false","false","true","true","false","Oui, tout à fait","Manque d’accès à l’information, Manque d’intérêt","false","false","true","true","false","false","false","Se sentir concerné·e par les enjeux, Se sentir mieux représenté·es","false","true","false","true","false","Oui","Oui","19","Femme","Baccalauréat général, technologique, professionnel","Étudiant·e","69 - Rhône"
"bZg97dE","44YDago","2026-09-07 20:13:36","Accès à la culture, Droits humains, Justice sociale","Justice sociale, Justice climatique et protection de l’environnement (biodiversité, réduction des déchets)","Non, pas vraiment","Oui, plutôt","Les citoyen·nes, Les responsables politiques, Les associations","En partie","Oui, plutôt","Non, pas vraiment","Important","Oui, plutôt","Non, pas vraiment","Son appartenance politique, son parti","Bienveillant ","Gauche","Aux réseaux sociaux","Réseaux sociaux, Entourage (ami·es, famille)","true","false","false","true","false","false","false","Oui","Voter, Manifester dans la rue","false","false","false","false","false","true","true","false","Oui, tout à fait","Difficulté à comprendre les enjeux, Manque d’accès à l’information","false","false","true","false","false","true","false","Se sentir concerné·e par les enjeux, Se sentir mieux représenté·es","false","true","false","true","false","Oui","Oui","23","Homme","Bac+3 ou +4, ou diplôme de niveau équivalent","Étudiant·e","75 - Paris"
"KpO1ODD","xX7bvPd","2026-09-08 07:43:31","Droits des personnes LGBTQIA+, Justice sociale, Droits des femmes","Justice climatique et protection de l’environnement (biodiversité, réduction des déchets), Justice sociale","Non, pas vraiment","Non, pas du tout","Les responsables politiques, Les associations, Les citoyen·nes","En partie","Non, pas vraiment","Non, pas vraiment","Très important","Oui, plutôt","Non, pas vraiment","Ses propositions concrètes","Anticapitaliste ","Extrême-gauche","Aux réseaux sociaux","Médias (TV, radio, presse), Entourage (ami·es, famille)","false","true","false","true","false","false","false","Oui","Voter, Rejoindre une association","false","false","false","false","true","false","true","false","Oui, plutôt","Difficulté à comprendre les enjeux, Manque de représentativité","false","true","false","false","false","true","false","Se sentir concerné·e par les enjeux, Mieux comprendre les programmes","true","true","false","false","false","Oui","Oui","22","Non binaire","Bac+3 ou +4, ou diplôme de niveau équivalent","En emploi","78 - Yvelines"
"J1G6vE4","GxVA9Xp","2026-09-08 13:10:59","Santé mentale (stress, anxiété, dépression), Éducation (orientation, égalité des chances), Droits humains","Lutte contre le racisme et la xénophobie, Justice sociale","Je ne sais pas","Non, pas vraiment","Les responsables politiques, Les citoyen·nes, Les associations","Non","Oui, plutôt","Non, pas vraiment","Important","Non, pas du tout","Oui, plutôt","Ses propositions concrètes","","Je préfère ne pas répondre","Aux réseaux sociaux","Entourage (ami·es, famille), Réseaux sociaux","true","false","false","true","false","false","false","Non","Participer à un projet artistique, De façon plutôt anonyme","false","false","false","true","false","false","false","true","Oui, plutôt","Difficulté à comprendre les enjeux, Manque de représentativité","false","true","false","false","false","true","false","Se sentir concerné·e par les enjeux, Avoir plus confiance dans les candidat·es","false","true","true","false","false","Oui","Oui","18","Femme","Baccalauréat général, technologique, professionnel","Étudiant·e","75 - Paris"
"2jVr4zj","BzYRva1","2026-09-08 18:39:42","Éducation (orientation, égalité des chances), Transports et mobilités durables, Justice climatique et protection de l’environnement (biodiversité, réduction des déchets)","Droits humains, Éducation (orientation, égalité des chances)","Non, pas vraiment","Non, pas du tout","Les responsables politiques, Les citoyen·nes, Les associations","En partie","Non, pas vraiment","Non, pas vraiment","Important","Oui, plutôt","Non, pas vraiment","Ses propositions concrètes","","Je préfère ne pas répondre","Aux réseaux sociaux","Réseaux sociaux, Entourage (ami·es, famille)","true","false","false","true","false","false","false","Non","Signer, lancer ou relayer des pétitions, Créer du contenu (vidéo, réseaux sociaux)","false","true","true","false","false","false","false","false","Oui, plutôt","Manque de confiance envers les politiques, Manque de représentativité","true","true","false","false","false","false","false","Mieux comprendre les programmes, Avoir plus confiance dans les candidat·es","true","false","true","false","false","Non","","15","Homme","Brevet des collèges","Lycéen·ne","59 - Nord"
"1WOEMNl","Xx7bZr4","2026-09-08 18:50:28","Droits des femmes, Santé (prévention), Emploi","Lutte contre le racisme et la xénophobie, Justice climatique et protection de l’environnement (biodiversité, réduction des déchets)","Non, pas vraiment","Non, pas vraiment","Les associations, Les responsables politiques, Les citoyen·nes","Oui, intégralement","Non, pas vraiment","Non, pas vraiment","Important","Oui, tout à fait","Non, pas vraiment","Ses propositions concrètes","Juste ","Je préfère ne pas répondre","Aux réseaux sociaux","Réseaux sociaux, Internet (sites d’information)","true","false","true","false","false","false","false","Non","Signer, lancer ou relayer des pétitions, Voter","false","true","false","false","false","false","true","false","Oui, tout à fait","Manque d’accès à l’information, Manque de représentativité","false","true","true","false","false","false","false","Mieux comprendre les programmes, Avoir plus confiance dans les candidat·es","true","false","true","false","false","Oui","Oui","20","Femme","Bac+2 ou diplôme de niveau équivalent","Étudiant·e","80 - Somme"
"aOkGXlB","BzYRva1","2026-09-08 19:56:00","Lutte contre le racisme et la xénophobie, Droits humains, Éducation (orientation, égalité des chances)","Justice climatique et protection de l’environnement (biodiversité, réduction des déchets), Droits humains","Non, pas du tout","Non, pas du tout","Les citoyen·nes, Les associations, Les responsables politiques","En partie","Oui, plutôt","Non, pas du tout","Très important","Oui, tout à fait","Non, pas vraiment","Ses propositions concrètes","Honnêté","Extrême-gauche","Aux médias traditionnels (télévision, radio, journaux, magazines et affichage)","Médias (TV, radio, presse), Milieu scolaire / réseau étudiant","false","true","false","false","true","false","false","Oui","Signer, lancer ou relayer des pétitions, Participer à un projet artistique","false","true","false","true","false","false","false","false","Oui, tout à fait","Manque de confiance envers les politiques, Manque de représentativité","true","true","false","false","false","false","false","Se sentir mieux représenté·es, Se sentir concerné·e par les enjeux","false","true","false","true","false","Non","","15","Femme","Brevet des collèges","Lycéen·ne","59 - Nord"
"xVg4aLk","zxAP51Z","2026-09-09 15:14:26","Droits humains, Santé mentale (stress, anxiété, dépression), Alimentation durable","Justice climatique et protection de l’environnement (biodiversité, réduction des déchets), Santé mentale (stress, anxiété, dépression)","Non, pas vraiment","Non, pas du tout","Les responsables politiques, Les associations, Les citoyen·nes","Oui, intégralement","Non, pas vraiment","Non, pas vraiment","Très important","Oui, tout à fait","Oui, plutôt","Ses propositions concrètes","L’écoute ","Extrême-gauche","Aux médias traditionnels (télévision, radio, journaux, magazines et affichage)","Internet (sites d’information), Entourage (ami·es, famille)","false","false","true","true","false","false","false","Oui","Voter, Rejoindre une association","false","false","false","false","true","false","true","false","Oui, tout à fait","Difficulté à comprendre les enjeux","false","false","false","false","false","true","false","Se sentir concerné·e par les enjeux, Se sentir mieux représenté·es","false","true","false","true","false","Non","Oui","15","Femme","Brevet des collèges","Lycéen·ne","26 - Drôme"
"zEg2eQa","pbN8QDV","2026-09-09 15:24:40","Droits des animaux, Santé mentale (stress, anxiété, dépression), Droits des femmes","Éducation (orientation, égalité des chances), Justice climatique et protection de l’environnement (biodiversité, réduction des déchets)","Oui, plutôt","Non, pas vraiment","Les responsables politiques, Les associations, Les citoyen·nes","En partie","Non, pas vraiment","Non, pas du tout","Très important","Oui, tout à fait","Non, pas vraiment","Ses propositions concrètes","Tolerance ","Extrême-gauche","Aux réseaux sociaux","Internet (sites d’information), Réseaux sociaux","true","false","true","false","false","false","false","Oui","Voter, Rejoindre une association","false","false","false","false","true","false","true","false","Oui, tout à fait","Manque de représentativité, Difficulté à comprendre les enjeux","false","true","false","false","false","true","false","Mieux comprendre les programmes, Se sentir mieux représenté·es","true","false","false","true","false","Non","","15","Femme","Baccalauréat général, technologique, professionnel","Lycéen·ne","07 - Ardèche"
"1WODBdg","Y5bLjvd","2026-09-09 15:58:56","Droits des femmes, Droits humains, Droits des personnes LGBTQIA+","Droits humains, Droits des femmes","Non, pas vraiment","Oui, plutôt","Les responsables politiques, Les citoyen·nes, Les associations","Oui, intégralement","Oui, plutôt","Non, pas vraiment","Important","Non, pas vraiment","Non, pas vraiment","Ses propositions concrètes","Empathique ","Centre-gauche","Aux sites internet","Réseaux sociaux, Médias (TV, radio, presse)","true","true","false","false","false","false","false","Oui","Manifester dans la rue, Rejoindre une association","false","false","false","false","true","true","false","false","Oui, tout à fait","Manque d’accès à l’information, Manque de représentativité","false","true","true","false","false","false","false","Mieux comprendre les programmes, Se sentir mieux représenté·es","true","false","false","true","false","Non","","17","Femme","Baccalauréat général, technologique, professionnel","Lycéen·ne","38 - Isère"
"AraQ5zk","Y5B5qDW","2026-09-10 08:15:24","Santé mentale (stress, anxiété, dépression), Éducation (orientation, égalité des chances), Justice climatique et protection de l’environnement (biodiversité, réduction des déchets)","Justice climatique et protection de l’environnement (biodiversité, réduction des déchets), Éducation (orientation, égalité des chances)","Non, pas vraiment","Non, pas vraiment","Les responsables politiques, Les associations, Les citoyen·nes","Non","Oui, plutôt","Non, pas vraiment","Important","Oui, plutôt","Non, pas vraiment","Ses propositions concrètes","altruiste","Gauche","Aux médias traditionnels (télévision, radio, journaux, magazines et affichage)","Entourage (ami·es, famille)","false","false","false","true","false","false","false","Non","Rejoindre une association","false","false","false","false","true","false","false","false","Oui, plutôt","Manque de confiance envers les politiques","true","false","false","false","false","false","false","Avoir plus confiance dans les candidat·es","false","false","true","false","false","Oui","Je ne sais pas","18","Je préfère ne pas répondre","Je préfère ne pas répondre","Je préfère ne pas répondre","77 - Seine-et-Marne"
"q5ggZXk","xXbXWN5","2026-09-10 09:24:12","Lutte contre le racisme et la xénophobie, Lutte contre les discriminations religieuses, Lutte contre les violences policières","Lutte contre les violences policières, Protection des données et de la vie privée (numérique)","Non, pas vraiment","Oui, plutôt","Les citoyen·nes, Les responsables politiques, Les associations","En partie","Oui, plutôt","Non, pas vraiment","Très important","Oui, tout à fait","Non, pas vraiment","Ses propositions concrètes","Juste","Centre-droite","Aux réseaux sociaux","Médias (TV, radio, presse), Réseaux sociaux","true","true","false","false","false","false","false","Oui","Participer à des ateliers, débats, Créer du contenu (vidéo, réseaux sociaux)","true","false","true","false","false","false","false","false","Oui, tout à fait","Manque de confiance envers les politiques, Difficulté à comprendre les enjeux","true","false","false","false","false","true","false","Mieux comprendre les programmes, Se sentir mieux représenté·es","true","false","false","true","false","Oui","Oui","17","Femme","Baccalauréat général, technologique, professionnel","Lycéen·ne","93 - Seine-Saint-Denis"
"OQrr1NM","ja4aVJx","2026-09-10 09:24:41","Harcèlement scolaire, Éducation (orientation, égalité des chances), Justice sociale","Accès à la culture, Alimentation durable","Non, pas vraiment","Non, pas du tout","Les responsables politiques, Les citoyen·nes, Les associations","En partie","Non, pas vraiment","Oui, tout à fait","Très important","Oui, plutôt","Non, pas vraiment","Ses propositions concrètes","normal","Centre","Aux médias traditionnels (télévision, radio, journaux, magazines et affichage)","Je ne m’informe pas sur ce sujet","false","false","false","false","false","false","true","Non","Rejoindre une association, Signer, lancer ou relayer des pétitions","false","true","false","false","true","false","false","false","Oui, plutôt","Manque de confiance envers les politiques, Manque d’accès à l’information","true","false","true","false","false","false","false","Mieux comprendre les programmes, Se sentir mieux représenté·es","true","false","false","true","false","Non","Non","17","Homme","Baccalauréat général, technologique, professionnel","Lycéen·ne","94 - Val-de-Marne"
"8N221QA","MeZexZE","2026-09-10 09:26:01","Lutte contre le racisme et la xénophobie, Éducation (orientation, égalité des chances), Emploi","Droits humains, Santé (prévention)","Non, pas du tout","Non, pas du tout","Les citoyen·nes, Les associations, Les responsables politiques","En partie","Oui, tout à fait","Non, pas vraiment","Important","Oui, plutôt","Non, pas du tout","Son appartenance politique, son parti","","Centre-gauche","Aux sites internet","Internet (sites d’information), Réseaux sociaux","true","false","true","false","false","false","false","Non","Participer à des ateliers, débats, Voter","true","false","false","false","false","false","true","false","Oui, plutôt","Manque de confiance envers les politiques, Difficulté à comprendre les enjeux","true","false","false","false","false","true","false","Mieux comprendre les programmes, Se sentir mieux représenté·es","true","false","false","true","false","Non","Oui","17","Homme","Aucun diplôme","Lycéen·ne","94 - Val-de-Marne"
"zEggNGa","Bzozvz4","2026-09-10 09:39:06","Droits des femmes, Sécurité, Transports et mobilités durables","Éducation (orientation, égalité des chances), Lutte contre la désinformation","Oui, plutôt","Non, pas vraiment","Les citoyen·nes, Les associations, Les responsables politiques","En partie","Oui, plutôt","Non, pas vraiment","Important","Oui, tout à fait","Non, pas vraiment","Ses propositions concrètes","","Centre-droite","Aux réseaux sociaux","Réseaux sociaux, Internet (sites d’information)","true","false","true","false","false","false","false","Oui","Voter, Créer du contenu (vidéo, réseaux sociaux)","false","false","true","false","false","false","true","false","Oui, plutôt","Manque de confiance envers les politiques, Manque d’intérêt","true","false","false","true","false","false","false","Mieux comprendre les programmes, Avoir plus confiance dans les candidat·es","true","false","true","false","false","Oui","Oui","18","Homme","CAP, BEP ou diplôme de niveau équivalent","Lycéen·ne","94 - Val-de-Marne"
"xVgWZav","2EdN8r9","2026-09-11 15:31:01","Droits humains, Logement, Justice climatique et protection de l’environnement (biodiversité, réduction des déchets)","Économie, Justice climatique et protection de l’environnement (biodiversité, réduction des déchets)","Oui, plutôt","Non, pas du tout","Les responsables politiques, Les associations, Les citoyen·nes","Oui, intégralement","Non, pas du tout","Non, pas vraiment","Important","Oui, plutôt","Non, pas vraiment","Son appartenance politique, son parti","Humaniste ","Gauche","Aux médias traditionnels (télévision, radio, journaux, magazines et affichage)","Réseaux sociaux, Internet (sites d’information)","true","false","true","false","false","false","false","Oui","Participer à des ateliers, débats, Manifester dans la rue","true","false","false","false","false","true","false","false","Oui, plutôt","Manque de confiance envers les politiques, Manque d’accès à l’information","true","false","true","false","false","false","false","Se sentir mieux représenté·es, Avoir plus confiance dans les candidat·es","false","false","true","true","false","Oui","Oui","22","Homme","Bac+5, ou diplôme de niveau équivalent","Étudiant·e","60 - Oise"
"X59b1LY","zxBDyKg","2026-09-11 15:51:38","Santé mentale (stress, anxiété, dépression), Justice climatique et protection de l’environnement (biodiversité, réduction des déchets), Santé (prévention)","Justice climatique et protection de l’environnement (biodiversité, réduction des déchets), Droits des femmes","Non, pas vraiment","Non, pas vraiment","Les associations, Les citoyen·nes, Les responsables politiques","Oui, intégralement","Oui, plutôt","Non, pas vraiment","Très important","Oui, tout à fait","Non, pas du tout","Ses propositions concrètes","Collectif","Gauche","Aux réseaux sociaux","Médias (TV, radio, presse), Réseaux sociaux","true","true","false","false","false","false","false","Non","Rejoindre une association, Participer à des ateliers, débats","true","false","false","false","true","false","false","false","Oui, tout à fait","Manque de confiance envers les politiques, Manque d’accès à l’information","true","false","true","false","false","false","false","Avoir plus confiance dans les candidat·es, Se sentir mieux représenté·es","false","false","true","true","false","Oui","Oui","22","Homme","Bac+5, ou diplôme de niveau équivalent","Étudiant·e","92 - Hauts-de-Seine"
"2jV6719","xXbaJzk","2026-09-11 16:02:23","Droits des femmes, Justice climatique et protection de l’environnement (biodiversité, réduction des déchets), Santé (prévention)","Justice climatique et protection de l’environnement (biodiversité, réduction des déchets), Santé (prévention)","Non, pas vraiment","Non, pas du tout","Les citoyen·nes, Les associations, Les responsables politiques","En partie","Non, pas vraiment","Non, pas vraiment","Très important","Oui, tout à fait","Non, pas vraiment","Ses propositions concrètes","Intègre ","Extrême-gauche","Aux médias traditionnels (télévision, radio, journaux, magazines et affichage)","Réseaux sociaux, Médias (TV, radio, presse)","true","true","false","false","false","false","false","Oui","Rejoindre une association, Manifester dans la rue","false","false","false","false","true","true","false","false","Oui, plutôt","Manque de représentativité, Manque de temps","false","true","false","false","true","false","false","Je ne sais pas","false","false","false","false","true","Oui","Oui","23","Femme","Bac+5, ou diplôme de niveau équivalent","Étudiant·e","75 - Paris"
"YjeAblq","GxEdLd2","2026-09-11 16:34:37","Justice climatique et protection de l’environnement (biodiversité, réduction des déchets), Droits des femmes, Alimentation durable","Justice climatique et protection de l’environnement (biodiversité, réduction des déchets), Justice sociale","Non, pas vraiment","Non, pas vraiment","Les responsables politiques, Les associations, Les citoyen·nes","En partie","Non, pas vraiment","Non, pas vraiment","Très important","Oui, tout à fait","Non, pas vraiment","Ses propositions concrètes","","Extrême-gauche","Aux médias traditionnels (télévision, radio, journaux, magazines et affichage)","Médias (TV, radio, presse), Réseaux sociaux","true","true","false","false","false","false","false","Oui","Participer à des ateliers, débats, Manifester dans la rue","true","false","false","false","false","true","false","false","Oui, tout à fait","Manque d’accès à l’information, Manque de représentativité","false","true","true","false","false","false","false","Se sentir mieux représenté·es, Avoir plus confiance dans les candidat·es","false","false","true","true","false","Oui","Oui","24","Femme","Bac+5, ou diplôme de niveau équivalent","Étudiant·e","75 - Paris"
"NqEKN0G","q4QOAx7","2026-09-12 19:41:26","Santé mentale (stress, anxiété, dépression), Droits des personnes LGBTQIA+, Droits des femmes","Économie, Lutte contre les discriminations religieuses","Oui, plutôt","Oui, plutôt","Les responsables politiques, Les citoyen·nes, Les associations","En partie","Non, pas vraiment","Oui, plutôt","Très important","Oui, tout à fait","Oui, plutôt","Ses propositions concrètes","Réaliste ","Gauche","Aux réseaux sociaux","Réseaux sociaux, Internet (sites d’information)","true","false","true","false","false","false","false","Oui","Créer du contenu (vidéo, réseaux sociaux), Voter","false","false","true","false","false","false","true","false","Oui, tout à fait","Difficulté à comprendre les enjeux, Manque de représentativité","false","true","false","false","false","true","false","Se sentir concerné·e par les enjeux, Se sentir mieux représenté·es","false","true","false","true","false","Oui","Oui","17","Femme","Baccalauréat général, technologique, professionnel","Lycéen·ne","95 - Val-d'Oise"
"WJg27RN","rj9rjDo","2026-09-13 15:16:29","Droits des personnes LGBTQIA+, Droits des femmes, Justice climatique et protection de l’environnement (biodiversité, réduction des déchets)","Justice climatique et protection de l’environnement (biodiversité, réduction des déchets), Politique étrangère","Non, pas du tout","Non, pas du tout","Les associations, Les citoyen·nes, Les responsables politiques","Oui, intégralement","Non, pas vraiment","Non, pas vraiment","Très important","Oui, plutôt","Non, pas vraiment","Ses propositions concrètes","Juste","Extrême-gauche","Aux réseaux sociaux","Réseaux sociaux, Entourage (ami·es, famille)","true","false","false","true","false","false","false","Oui","Manifester dans la rue, Rejoindre une association","false","false","false","false","true","true","false","false","Oui, plutôt","Manque d’intérêt, Difficulté à comprendre les enjeux","false","false","false","true","false","true","false","Se sentir mieux représenté·es, Mieux comprendre les programmes","true","false","false","true","false","Oui","Oui","19","Non binaire","Baccalauréat général, technologique, professionnel","Étudiant·e","75 - Paris"
"bZDk55o","PdQGWKP","2026-09-14 19:13:52","Droits des femmes, Justice climatique et protection de l’environnement (biodiversité, réduction des déchets), Droits des personnes LGBTQIA+","Justice climatique et protection de l’environnement (biodiversité, réduction des déchets), Éducation (orientation, égalité des chances)","Non, pas vraiment","Non, pas vraiment","Les citoyen·nes, Les associations, Les responsables politiques","Oui, intégralement","Non, pas vraiment","Non, pas vraiment","Très important","Oui, tout à fait","Non, pas vraiment","Ses propositions concrètes","Honnête / responsable / cohérent.e","Gauche","Aux médias traditionnels (télévision, radio, journaux, magazines et affichage)","Médias (TV, radio, presse), Internet (sites d’information)","false","true","true","false","false","false","false","Oui","Participer à des ateliers, débats, Voter","true","false","false","false","false","false","true","false","Oui, tout à fait","Manque de confiance envers les politiques, Manque d’accès à l’information","true","false","true","false","false","false","false","Se sentir mieux représenté·es, Avoir plus confiance dans les candidat·es","false","false","true","true","false","Oui","Oui","23","Femme","Bac+5, ou diplôme de niveau équivalent","Étudiant·e","75 - Paris"
"Eqg1Mj2","81DMNYY","2026-09-14 20:45:14","Justice sociale, Lutte contre le racisme et la xénophobie, Logement","Justice sociale, Logement","Non, pas vraiment","Non, pas du tout","Les citoyen·nes, Les responsables politiques, Les associations","Oui, intégralement","Non, pas du tout","Non, pas vraiment","Très important","Oui, tout à fait","Non, pas du tout","Ses propositions concrètes","Anticapitaliste","Extrême-gauche","Aux réseaux sociaux","Réseaux sociaux, Entourage (ami·es, famille)","true","false","false","true","false","false","false","Oui","Manifester dans la rue, Signer, lancer ou relayer des pétitions","false","true","false","false","false","true","false","false","Oui, tout à fait","Manque d’accès à l’information, Manque de confiance envers les politiques","true","false","true","false","false","false","false","Avoir plus confiance dans les candidat·es, Se sentir mieux représenté·es","false","false","true","true","false","Oui","Oui","24","Homme","Bac+5, ou diplôme de niveau équivalent","En emploi","93 - Seine-Saint-Denis"
"GegDl7e","J9jovoz","2026-09-15 08:00:56","Droits des personnes LGBTQIA+, Harcèlement scolaire, Lutte contre le racisme et la xénophobie","Économie, Justice climatique et protection de l’environnement (biodiversité, réduction des déchets)","Non, pas vraiment","Non, pas du tout","Les associations, Les citoyen·nes, Les responsables politiques","En partie","Non, pas vraiment","Non, pas vraiment","Très important","Non, pas vraiment","Non, pas du tout","Son appartenance politique, son parti","Lenine","Extrême-gauche","Aux réseaux sociaux","Médias (TV, radio, presse), Entourage (ami·es, famille)","false","true","false","true","false","false","false","Oui","Participer à des ateliers, débats, Participer à un projet artistique","true","false","false","true","false","false","false","false","Non, pas vraiment","Manque de confiance envers les politiques, Manque d’intérêt","true","false","false","true","false","false","false","Mieux comprendre les programmes","true","false","false","false","false","Oui","Oui","22","Homme","Bac+3 ou +4, ou diplôme de niveau équivalent","Étudiant·e","75 - Paris"
"QoXYVjX","5B0VPOv","2026-09-15 08:01:06","Accès à la culture, Santé mentale (stress, anxiété, dépression), Lutte contre le racisme et la xénophobie","Économie, Logement","Non, pas vraiment","Non, pas vraiment","Les associations, Les citoyen·nes, Les responsables politiques","En partie","Non, pas du tout","Non, pas du tout","Pas du tout important","Oui, plutôt","Non, pas vraiment","Ses propositions concrètes","Le meluche ","Extrême-gauche","Aux réseaux sociaux","Réseaux sociaux, Internet (sites d’information)","true","false","true","false","false","false","false","Oui","Rejoindre une association, Créer du contenu (vidéo, réseaux sociaux)","false","false","true","false","true","false","false","false","Oui, tout à fait","Manque de confiance envers les politiques, Manque de représentativité","true","true","false","false","false","false","false","Se sentir concerné·e par les enjeux, Avoir plus confiance dans les candidat·es","false","true","true","false","false","Oui","Oui","22","Homme","Bac+3 ou +4, ou diplôme de niveau équivalent","Étudiant·e","93 - Seine-Saint-Denis"
"5XQveKQ","440OWDA","2026-09-15 08:56:12","Santé mentale (stress, anxiété, dépression), Droits humains, Justice sociale","Économie, Santé (prévention)","Non, pas vraiment","Je ne sais pas","Les associations, Les citoyen·nes, Les responsables politiques","En partie","Non, pas vraiment","Non, pas vraiment","Pas du tout important","Non, pas du tout","Non, pas du tout","Ses propositions concrètes","Mélanchon ","Je préfère ne pas répondre","Aux médias traditionnels (télévision, radio, journaux, magazines et affichage)","Réseaux sociaux","true","false","false","false","false","false","false","Non","Signer, lancer ou relayer des pétitions, Participer à des ateliers, débats","true","true","false","false","false","false","false","false","Je ne sais pas","Difficulté à comprendre les enjeux, Manque de confiance envers les politiques","true","false","false","false","false","true","false","Mieux comprendre les programmes, Avoir plus confiance dans les candidat·es","true","false","true","false","false","Non","Je ne sais pas","18","Femme","Baccalauréat général, technologique, professionnel","Étudiant·e","77 - Seine-et-Marne"
"PRgYNLQ","RGerDYp","2026-09-15 09:47:34","Transports et mobilités durables, Santé mentale (stress, anxiété, dépression), Justice climatique et protection de l’environnement (biodiversité, réduction des déchets)","Justice sociale, Lutte contre les violences policières","Non, pas vraiment","Non, pas du tout","Les responsables politiques, Les associations, Les citoyen·nes","En partie","Non, pas du tout","Non, pas du tout","Important","Oui, tout à fait","Non, pas du tout","Ses propositions concrètes","Compétent ","Extrême-gauche","Aux réseaux sociaux","Réseaux sociaux, Internet (sites d’information)","true","false","true","false","false","false","false","Oui","Créer du contenu (vidéo, réseaux sociaux), Voter","false","false","true","false","false","false","true","false","Oui, plutôt","Manque de représentativité, Manque de confiance envers les politiques","true","true","false","false","false","false","false","Se sentir mieux représenté·es, Se sentir concerné·e par les enjeux","false","true","false","true","false","Oui","Oui","21","Homme","Bac+2 ou diplôme de niveau équivalent","Étudiant·e","75 - Paris"
"EqgJMlr","Y5BqK1N","2026-09-15 12:04:24","Droits des animaux, Droits des femmes, Justice climatique et protection de l’environnement (biodiversité, réduction des déchets)","Lutte contre le racisme et la xénophobie, Justice climatique et protection de l’environnement (biodiversité, réduction des déchets)","Non, pas vraiment","Non, pas vraiment","Les citoyen·nes, Les responsables politiques, Les associations","En partie","Non, pas vraiment","Non, pas du tout","Très important","Oui, plutôt","Non, pas du tout","Ses propositions concrètes","à l'écoute ","Gauche","Aux sites internet","Entourage (ami·es, famille), Médias (TV, radio, presse)","false","true","false","true","false","false","false","Oui","Voter, Signer, lancer ou relayer des pétitions","false","true","false","false","false","false","true","false","Oui, tout à fait","Manque de confiance envers les politiques, Manque de représentativité","true","true","false","false","false","false","false","Mieux comprendre les programmes, Avoir plus confiance dans les candidat·es","true","false","true","false","false","Oui","Oui","18","Femme","Baccalauréat général, technologique, professionnel","Étudiant·e","75 - Paris"
"gbp7v6O","VL7xX8l","2026-09-15 12:06:34","Droits des femmes, Santé mentale (stress, anxiété, dépression), Santé (prévention)","Justice climatique et protection de l’environnement (biodiversité, réduction des déchets), Lutte contre la désinformation","Non, pas vraiment","Non, pas vraiment","Les citoyen·nes, Les responsables politiques, Les associations","En partie","Oui, plutôt","Non, pas vraiment","Très important","Non, pas vraiment","Non, pas vraiment","Ses propositions concrètes","Actif/ve ","Gauche","Aux médias traditionnels (télévision, radio, journaux, magazines et affichage)","Réseaux sociaux, Médias (TV, radio, presse)","true","true","false","false","false","false","false","Non","Voter","false","false","false","false","false","false","true","false","Oui, tout à fait","Manque de confiance envers les politiques, Manque d’intérêt","true","false","false","true","false","false","false","Mieux comprendre les programmes, Avoir plus confiance dans les candidat·es","true","false","true","false","false","Oui","Oui","18","Femme","Baccalauréat général, technologique, professionnel","Étudiant·e","75 - Paris"
"QoXJ4AX","5B0Ooro","2026-09-15 12:08:04","Droits des animaux, Droits des femmes, Droits humains","Justice climatique et protection de l’environnement (biodiversité, réduction des déchets), Éducation (orientation, égalité des chances)","Je ne sais pas","Non, pas vraiment","Les responsables politiques, Les associations, Les citoyen·nes","En partie","Oui, plutôt","Non, pas vraiment","Très important","Oui, plutôt","Non, pas vraiment","Ses propositions concrètes","Altruiste","Je préfère ne pas répondre","Aux réseaux sociaux","Entourage (ami·es, famille), Réseaux sociaux","true","false","false","true","false","false","false","Non","Voter, Signer, lancer ou relayer des pétitions","false","true","false","false","false","false","true","false","Oui, plutôt","Manque de confiance envers les politiques, Manque de représentativité","true","true","false","false","false","false","false","Mieux comprendre les programmes, Avoir plus confiance dans les candidat·es","true","false","true","false","false","Oui","Oui","18","Femme","Baccalauréat général, technologique, professionnel","Étudiant·e","75 - Paris"
"9NaE52Y","rj9q8V2","2026-09-15 12:22:11","Alimentation durable, Droits humains, Santé (prévention)","Économie, Éducation (orientation, égalité des chances)","Oui, plutôt","Oui, tout à fait","Les citoyen·nes, Les associations, Les responsables politiques","En partie","Non, pas vraiment","Non, pas vraiment","Peu important","Oui, plutôt","Non, pas du tout","Son expérience","homme d'action","Extrême-droite","Aux réseaux sociaux","Réseaux sociaux, Internet (sites d’information)","true","false","true","false","false","false","false","Oui","Rejoindre une association, Voter","false","false","false","false","true","false","true","false","Oui, plutôt","Manque de confiance envers les politiques, Manque d’intérêt","true","false","false","true","false","false","false","Avoir plus confiance dans les candidat·es","false","false","true","false","false","Oui","Non","24","Homme","Bac+5, ou diplôme de niveau équivalent","Étudiant·e","75 - Paris"
"rDp06xM","ZjkWM5V","2026-09-15 16:05:09","Lutte contre le racisme et la xénophobie, Lutte contre les violences policières, Justice sociale","Lutte contre le racisme et la xénophobie, Justice sociale","Non, pas vraiment","Non, pas vraiment","Les citoyen·nes, Les responsables politiques, Les associations","Oui, intégralement","Non, pas vraiment","Non, pas vraiment","Très important","Oui, tout à fait","Non, pas vraiment","Ses propositions concrètes","Intègre ","Gauche","Aux médias traditionnels (télévision, radio, journaux, magazines et affichage)","Médias (TV, radio, presse)","false","true","false","false","false","false","false","Oui","Participer à des ateliers, débats, Signer, lancer ou relayer des pétitions","true","true","false","false","false","false","false","false","Oui, tout à fait","Manque de représentativité, Manque d’intérêt","false","true","false","true","false","false","false","Mieux comprendre les programmes, Se sentir concerné·e par les enjeux","true","true","false","false","false","Oui","Oui","22","Femme","Bac+5, ou diplôme de niveau équivalent","Étudiant·e","94 - Val-de-Marne"
"4aqA4rX","440dJeO","2026-09-15 20:47:54","Droits humains","Droits sociaux","Non, pas du tout","Non, pas du tout","Les responsables politiques, Les citoyen·nes, Les associations","En partie","Non, pas vraiment","Non, pas du tout","Important","Non, pas vraiment","Non, pas du tout","Ses propositions concrètes","Intègre","Je ne m’identifie dans aucun parti politique","Aux sites internet","Je ne m’informe pas sur ce sujet","false","false","false","false","false","false","true","Oui","Créer du contenu (vidéo, réseaux sociaux)","false","false","true","false","false","false","false","false","Non, pas vraiment","Manque de confiance envers les politiques","true","false","false","false","false","false","false","Se sentir concerné·e par les enjeux, Avoir plus confiance dans les candidat·es","false","true","true","false","false","Oui","Je ne sais pas","20","Femme","Je préfère ne pas répondre","Étudiant·e","93 - Seine-Saint-Denis"
"EqgER1L","A7RMXxB","2026-09-17 05:41:34","Droits des femmes, Lutte contre les violences policières, Santé mentale (stress, anxiété, dépression)","Justice climatique et protection de l’environnement (biodiversité, réduction des déchets), Droits humains","Non, pas vraiment","Non, pas du tout","Les responsables politiques, Les citoyen·nes, Les associations","En partie","Non, pas vraiment","Non, pas vraiment","Important","Oui, plutôt","Non, pas du tout","Ses propositions concrètes","Ouvert•e d’esprit","Je préfère ne pas répondre","Aux médias traditionnels (télévision, radio, journaux, magazines et affichage)","Entourage (ami·es, famille), Internet (sites d’information)","false","false","true","true","false","false","false","Oui","Manifester dans la rue, Voter","false","false","false","false","false","true","true","false","Oui, tout à fait","Manque de confiance envers les politiques, Manque d’intérêt","true","false","false","true","false","false","false","Se sentir concerné·e par les enjeux, Se sentir mieux représenté·es","false","true","false","true","false","Non","","16","Femme","Brevet des collèges","Lycéen·ne","93 - Seine-Saint-Denis"
"bZDR0bo","rj941Yo","2026-09-17 16:44:19","Droits humains, Justice climatique et protection de l’environnement (biodiversité, réduction des déchets), Droits des femmes","Handicap et lutte contre le validisme, Lutte contre le racisme et la xénophobie","Non, pas vraiment","Non, pas vraiment","Les associations, Les citoyen·nes, Les responsables politiques","En partie","Oui, plutôt","Non, pas vraiment","Très important","Oui, plutôt","Non, pas vraiment","Ses propositions concrètes","à l’écoute","Gauche","Aux réseaux sociaux","Réseaux sociaux, Entourage (ami·es, famille)","true","false","false","true","false","false","false","Oui","Manifester dans la rue, Voter","false","false","false","false","false","true","true","false","Oui, tout à fait","Manque de confiance envers les politiques, Manque de représentativité","true","true","false","false","false","false","false","Avoir plus confiance dans les candidat·es, Se sentir mieux représenté·es","false","false","true","true","false","Oui","Oui","19","Femme","Baccalauréat général, technologique, professionnel","Étudiant·e","75 - Paris"
"WJgaEza","xXbqbOJ","2026-09-17 17:05:27","Droits humains, Droits des femmes, Harcèlement scolaire","Justice climatique et protection de l’environnement (biodiversité, réduction des déchets), Transports et mobilités durables","Non, pas du tout","Non, pas du tout","Les responsables politiques, Les associations, Les citoyen·nes","En partie","Oui, plutôt","Non, pas vraiment","Important","Non, pas vraiment","Non, pas du tout","Ses propositions concrètes","Efficace","Gauche","Aux médias traditionnels (télévision, radio, journaux, magazines et affichage)","Milieu scolaire / réseau étudiant, Réseaux sociaux","true","false","false","false","true","false","false","Non","Rejoindre une association, Voter","false","false","false","false","true","false","true","false","Oui, tout à fait","Manque de confiance envers les politiques, Manque de représentativité","true","true","false","false","false","false","false","Se sentir concerné·e par les enjeux, Se sentir mieux représenté·es","false","true","false","true","false","Oui","Oui","18","Femme","Baccalauréat général, technologique, professionnel","Étudiant·e","35 - Ille-et-Vilaine"
"4aqZQRr","9q0bZZG","2026-09-18 11:46:01","Droits humains, Justice sociale, Éducation (orientation, égalité des chances)","Droits humains, Éducation (orientation, égalité des chances)","Non, pas du tout","Non, pas vraiment","Les citoyen·nes, Les associations, Les responsables politiques","En partie","Oui, tout à fait","Non, pas du tout","Important","Oui, tout à fait","Non, pas du tout","Ses propositions concrètes","inexistant","Je préfère ne pas répondre","Aux médias traditionnels (télévision, radio, journaux, magazines et affichage)","Entourage (ami·es, famille), Médias (TV, radio, presse)","false","true","false","true","false","false","false","Non","Signer, lancer ou relayer des pétitions, Participer à des ateliers, débats","true","true","false","false","false","false","false","false","Non, pas du tout","Manque de confiance envers les politiques, Manque de représentativité","true","true","false","false","false","false","false","Avoir plus confiance dans les candidat·es, Se sentir mieux représenté·es","false","false","true","true","false","Non","Je ne sais pas","17","Homme","Brevet des collèges","Lycéen·ne","85 - Vendée"
"Z9gxoov","680aKQA","2026-09-18 11:47:46","Accès à la culture, Droits des femmes, Éducation (orientation, égalité des chances)","Justice climatique et protection de l’environnement (biodiversité, réduction des déchets), Droits des femmes","Non, pas du tout","Non, pas vraiment","Les associations, Les citoyen·nes, Les responsables politiques","En partie","Non, pas vraiment","Non, pas du tout","Pas du tout important","Non, pas vraiment","Non, pas vraiment","Ses propositions concrètes","","Gauche","Aux médias traditionnels (télévision, radio, journaux, magazines et affichage)","Médias (TV, radio, presse), Milieu scolaire / réseau étudiant","false","true","false","false","true","false","false","Non","Signer, lancer ou relayer des pétitions, Voter","false","true","false","false","false","false","true","false","Oui, tout à fait","Manque d’intérêt, Manque de confiance envers les politiques","true","false","false","true","false","false","false","Se sentir concerné·e par les enjeux, Se sentir mieux représenté·es","false","true","false","true","false","Non","","16","Femme","Brevet des collèges","Lycéen·ne","85 - Vendée"
"8NW9zLk","A7R1p6y","2026-09-18 11:47:58","Justice sociale, Droits des femmes, Droits humains","Lutte contre les violences policières, Santé mentale (stress, anxiété, dépression)","Non, pas du tout","Non, pas vraiment","Les associations, Les citoyen·nes, Les responsables politiques","En partie","Oui, plutôt","Non, pas du tout","Important","Non, pas du tout","Non, pas vraiment","Ses propositions concrètes","juste","Je préfère ne pas répondre","Aux médias traditionnels (télévision, radio, journaux, magazines et affichage)","Internet (sites d’information), Entourage (ami·es, famille)","false","false","true","true","false","false","false","Non","Rejoindre une association, Voter","false","false","false","false","true","false","true","false","Oui, plutôt","Manque de représentativité, Manque de confiance envers les politiques","true","true","false","false","false","false","false","Se sentir concerné·e par les enjeux, Avoir plus confiance dans les candidat·es","false","true","true","false","false","Non","","17","Femme","Brevet des collèges","Lycéen·ne","85 - Vendée"
"PRgoDzP","440e7PA","2026-09-18 11:48:06","Santé (prévention), Lutte contre le racisme et la xénophobie, Justice climatique et protection de l’environnement (biodiversité, réduction des déchets)","Justice climatique et protection de l’environnement (biodiversité, réduction des déchets), Lutte contre le racisme et la xénophobie","Non, pas du tout","Oui, plutôt","Les responsables politiques, Les associations, Les citoyen·nes","En partie","Non, pas vraiment","Non, pas vraiment","Très important","Oui, plutôt","Non, pas vraiment","Ses propositions concrètes","écologiste ","Centre-gauche","Aux médias traditionnels (télévision, radio, journaux, magazines et affichage)","Médias (TV, radio, presse), Entourage (ami·es, famille)","false","true","false","true","false","false","false","Oui","Signer, lancer ou relayer des pétitions, Voter","false","true","false","false","false","false","true","false","Oui, tout à fait","Manque de confiance envers les politiques, Manque de représentativité","true","true","false","false","false","false","false","Avoir plus confiance dans les candidat·es, Se sentir mieux représenté·es","false","false","true","true","false","Oui","Oui","17","Femme","Brevet des collèges","Lycéen·ne","85 - Vendée"
"RWgOdJ9","zxBPMbR","2026-09-18 11:48:56","Sécurité, Accès à la culture, Éducation (orientation, égalité des chances)","Sécurité, Justice climatique et protection de l’environnement (biodiversité, réduction des déchets)","Non, pas vraiment","Oui, plutôt","Les responsables politiques, Les associations, Les citoyen·nes","En partie","Oui, plutôt","Non, pas vraiment","Important","Oui, plutôt","Non, pas vraiment","Ses propositions concrètes","responsable","Je préfère ne pas répondre","Aux médias traditionnels (télévision, radio, journaux, magazines et affichage)","Médias (TV, radio, presse), Entourage (ami·es, famille)","false","true","false","true","false","false","false","Oui","Participer à des ateliers, débats, Voter","true","false","false","false","false","false","true","false","Oui, tout à fait","Manque d’intérêt, Difficulté à comprendre les enjeux","false","false","false","true","false","true","false","Mieux comprendre les programmes, Se sentir mieux représenté·es","true","false","false","true","false","Non","","16","Homme","Brevet des collèges","Lycéen·ne","85 - Vendée"
"kbpL9xj","xXbOD8J","2026-09-18 11:50:05","Santé mentale (stress, anxiété, dépression), Lutte contre le racisme et la xénophobie, Droits humains","Éducation (orientation, égalité des chances), Justice climatique et protection de l’environnement (biodiversité, réduction des déchets)","Non, pas vraiment","Oui, plutôt","Les responsables politiques, Les associations, Les citoyen·nes","En partie","Non, pas vraiment","Non, pas vraiment","Important","Oui, plutôt","Non, pas du tout","Ses propositions concrètes","responsable","Je préfère ne pas répondre","Aux médias traditionnels (télévision, radio, journaux, magazines et affichage)","Réseaux sociaux, Médias (TV, radio, presse)","true","true","false","false","false","false","false","Non","Participer à un projet artistique, Rejoindre une association","false","false","false","true","true","false","false","false","Oui, tout à fait","Manque de confiance envers les politiques, Manque de représentativité","true","true","false","false","false","false","false","Se sentir concerné·e par les enjeux, Avoir plus confiance dans les candidat·es","false","true","true","false","false","Non","Oui","16","Femme","Baccalauréat général, technologique, professionnel","Lycéen·ne","85 - Vendée"
"BEgvKo1","lb2JOG6","2026-09-18 11:50:29","Droits des femmes, Droits des personnes LGBTQIA+, Justice sociale","Justice climatique et protection de l’environnement (biodiversité, réduction des déchets), Alimentation durable","Non, pas vraiment","Non, pas vraiment","Les responsables politiques, Les citoyen·nes, Les associations","En partie","Oui, plutôt","Non, pas vraiment","Important","Non, pas vraiment","Oui, plutôt","Son appartenance politique, son parti","tolerant","Gauche","Aux réseaux sociaux","Réseaux sociaux, Entourage (ami·es, famille)","true","false","false","true","false","false","false","Non","Signer, lancer ou relayer des pétitions, Manifester dans la rue","false","true","false","false","false","true","false","false","Oui, tout à fait","Difficulté à comprendre les enjeux, Manque d’intérêt","false","false","false","true","false","true","false","Se sentir concerné·e par les enjeux, Mieux comprendre les programmes","true","true","false","false","false","Non","Oui","17","Femme","Brevet des collèges","Lycéen·ne","85 - Vendée"
"jepKbjJ","Y5BNG8v","2026-09-18 11:50:58","Lutte contre les violences policières, Santé (prévention), Droits des femmes","Droits des femmes, Justice climatique et protection de l’environnement (biodiversité, réduction des déchets)","Non, pas vraiment","Oui, plutôt","Les responsables politiques, Les associations, Les citoyen·nes","En partie","Oui, plutôt","Non, pas vraiment","Très important","Oui, plutôt","Non, pas vraiment","Son expérience","juste","Centre","Aux médias traditionnels (télévision, radio, journaux, magazines et affichage)","Médias (TV, radio, presse), Milieu scolaire / réseau étudiant","false","true","false","false","true","false","false","Oui","Voter, Participer à des ateliers, débats","true","false","false","false","false","false","true","false","Oui, tout à fait","Manque de confiance envers les politiques, Manque de représentativité","true","true","false","false","false","false","false","Mieux comprendre les programmes, Avoir plus confiance dans les candidat·es","true","false","true","false","false","Oui","Oui","17","Homme","Brevet des collèges","Lycéen·ne","85 - Vendée"
"o9pJeDV","pbq8DrB","2026-09-18 11:51:54","Santé mentale (stress, anxiété, dépression)","Harcèlement scolaire","Je ne sais pas","Je ne sais pas","Les responsables politiques, Les associations, Les citoyen·nes","Non","Oui, plutôt","Non, pas vraiment","Important","Non, pas du tout","Oui, plutôt","Ses propositions concrètes","À l’écoute ","Je préfère ne pas répondre","Aux réseaux sociaux","Réseaux sociaux, Je ne m’informe pas sur ce sujet","true","false","false","false","false","false","true","Non","Je ne sais pas","false","false","false","false","false","false","false","true","Je ne sais pas","Manque de représentativité, Manque d’intérêt","false","true","false","true","false","false","false","Mieux comprendre les programmes, Se sentir concerné·e par les enjeux","true","true","false","false","false","Non","Non","15","Homme","Brevet des collèges","Lycéen·ne","85 - Vendée"
"peMgyoV","GxE8RKk","2026-09-18 11:52:05","Justice climatique et protection de l’environnement (biodiversité, réduction des déchets), Handicap et lutte contre le validisme","Justice climatique et protection de l’environnement (biodiversité, réduction des déchets), Économie","Je ne sais pas","Oui, plutôt","Les responsables politiques, Les associations, Les citoyen·nes","Non","Oui, plutôt","Je ne sais pas","Peu important","Oui, plutôt","Oui, plutôt","Ses propositions concrètes","Attentif","Centre","Aux sites internet","Médias (TV, radio, presse), Entourage (ami·es, famille)","false","true","false","true","false","false","false","Oui","Rejoindre une association","false","false","false","false","true","false","false","false","Oui, tout à fait","Difficulté à comprendre les enjeux, Manque d’accès à l’information","false","false","true","false","false","true","false","Se sentir concerné·e par les enjeux, Mieux comprendre les programmes","true","true","false","false","false","Non","Je ne sais pas","15","Homme","Brevet des collèges","Lycéen·ne","85 - Vendée"
"rDpXaOM","2EdQKaj","2026-09-18 11:52:07","Économie, Logement","Logement, Économie","Non, pas du tout","Non, pas vraiment","Les citoyen·nes, Les responsables politiques, Les associations","En partie","Non, pas vraiment","Non, pas vraiment","Important","Oui, plutôt","Non, pas vraiment","Ses propositions concrètes","","Au-dessus","Aux réseaux sociaux","Réseaux sociaux, Milieu scolaire / réseau étudiant","true","false","false","false","true","false","false","Non","Participer à des ateliers, débats, Créer du contenu (vidéo, réseaux sociaux)","true","false","true","false","false","false","false","false","Oui, plutôt","Manque de confiance envers les politiques, Manque d’intérêt","true","false","false","true","false","false","false","Avoir plus confiance dans les candidat·es, Se sentir mieux représenté·es","false","false","true","true","false","Oui","Oui","17","Homme","Brevet des collèges","Lycéen·ne","85 - Vendée"
"OQgR4LM","EkVyxXN","2026-09-18 11:52:50","Accès à la culture, Justice climatique et protection de l’environnement (biodiversité, réduction des déchets), Protection des données et de la vie privée (numérique)","Accès à la culture, Justice climatique et protection de l’environnement (biodiversité, réduction des déchets)","Non, pas vraiment","Non, pas du tout","Les responsables politiques, Les associations, Les citoyen·nes","En partie","Oui, plutôt","Non, pas vraiment","Très important","Oui, plutôt","Non, pas du tout","Ses propositions concrètes","Honnête","Je préfère ne pas répondre","Aux réseaux sociaux","Réseaux sociaux, Entourage (ami·es, famille)","true","false","false","true","false","false","false","Oui","Voter, Rejoindre une association","false","false","false","false","true","false","true","false","Oui, tout à fait","Manque de confiance envers les politiques, Manque d’accès à l’information","true","false","true","false","false","false","false","Avoir plus confiance dans les candidat·es, Se sentir mieux représenté·es","false","false","true","true","false","Oui","Oui","17","Homme","Brevet des collèges","Lycéen·ne","85 - Vendée"
"RWgOMJK","5B0WZdd","2026-09-18 11:52:56","Lutte contre le racisme et la xénophobie, Éducation (orientation, égalité des chances), Droits des femmes","Lutte contre le racisme et la xénophobie, Lutte contre les violences policières","Oui, plutôt","Oui, plutôt","Les citoyen·nes, Les responsables politiques, Les associations","En partie","Non, pas vraiment","Non, pas du tout","Très important","Oui, plutôt","Non, pas du tout","Ses propositions concrètes","Objectif ","Extrême-gauche","Aux médias traditionnels (télévision, radio, journaux, magazines et affichage)","Médias (TV, radio, presse), Réseaux sociaux","true","true","false","false","false","false","false","Oui","Rejoindre une association, Manifester dans la rue","false","false","false","false","true","true","false","false","Oui, tout à fait","Manque de confiance envers les politiques, Manque d’intérêt","true","false","false","true","false","false","false","Se sentir concerné·e par les enjeux, Avoir plus confiance dans les candidat·es","false","true","true","false","false","Non","","17","Femme","Brevet des collèges","Lycéen·ne","85 - Vendée"
"J1gypJr","rj9zolM","2026-09-18 11:53:00","Accès à la culture, Économie, Sécurité","Économie, Politique étrangère","Je ne sais pas","Oui, plutôt","Les citoyen·nes, Les associations, Les responsables politiques","En partie","Oui, plutôt","Non, pas vraiment","Important","Oui, plutôt","Non, pas vraiment","Ses propositions concrètes","Objectif","Je préfère ne pas répondre","Aux réseaux sociaux","Réseaux sociaux, Entourage (ami·es, famille)","true","false","false","true","false","false","false","Non","Voter, Créer du contenu (vidéo, réseaux sociaux)","false","false","true","false","false","false","true","false","Oui, tout à fait","Manque de représentativité","false","true","false","false","false","false","false","Avoir plus confiance dans les candidat·es, Se sentir concerné·e par les enjeux","false","true","true","false","false","Non","","15","Homme","Brevet des collèges","Lycéen·ne","85 - Vendée"
"5XQNjGN","q4Q0Rb2","2026-09-18 11:53:00","Accès à la culture, Santé mentale (stress, anxiété, dépression), Droits des personnes LGBTQIA+","Accès à la culture, Santé mentale (stress, anxiété, dépression)","Je ne sais pas","Non, pas vraiment","Les responsables politiques, Les associations, Les citoyen·nes","En partie","Oui, plutôt","Non, pas vraiment","Peu important","Oui, plutôt","Non, pas du tout","Ses propositions concrètes","objectif","Gauche","Aux médias traditionnels (télévision, radio, journaux, magazines et affichage)","Entourage (ami·es, famille), Médias (TV, radio, presse)","false","true","false","true","false","false","false","Non","Voter, Manifester dans la rue","false","false","false","false","false","true","true","false","Oui, tout à fait","Manque de confiance envers les politiques, Difficulté à comprendre les enjeux","true","false","false","false","false","true","false","Mieux comprendre les programmes, Se sentir concerné·e par les enjeux","true","true","false","false","false","Non","Oui","16","Femme","Brevet des collèges","Lycéen·ne","85 - Vendée"
"8NW9a2O","ja41l0Y","2026-09-18 11:53:57","Droits des personnes LGBTQIA+, Justice climatique et protection de l’environnement (biodiversité, réduction des déchets), Lutte contre la désinformation","Justice climatique et protection de l’environnement (biodiversité, réduction des déchets), Politique étrangère","Non, pas vraiment","Oui, plutôt","Les responsables politiques, Les citoyen·nes, Les associations","Non","Oui, plutôt","Je ne sais pas","Important","Oui, plutôt","Oui, plutôt","Ses propositions concrètes","Qui n’est pas centré sur lui-même, sur sa gloire, mais concentré sur le pays et le monde","Centre","Aux médias traditionnels (télévision, radio, journaux, magazines et affichage)","Entourage (ami·es, famille), Médias (TV, radio, presse)","false","true","false","true","false","false","false","Non","Voter, Signer, lancer ou relayer des pétitions","false","true","false","false","false","false","true","false","Oui, plutôt","Difficulté à comprendre les enjeux, Manque d’accès à l’information","false","false","true","false","false","true","false","Avoir plus confiance dans les candidat·es, Mieux comprendre les programmes","true","false","true","false","false","Non","","15","Femme","Brevet des collèges","Lycéen·ne","85 - Vendée"
"peMgyqZ","BzoMx0e","2026-09-18 11:54:33","Justice climatique et protection de l’environnement (biodiversité, réduction des déchets), Alimentation durable, Lutte contre la désinformation","Justice climatique et protection de l’environnement (biodiversité, réduction des déchets), Alimentation durable","Non, pas vraiment","Oui, plutôt","Les citoyen·nes, Les associations, Les responsables politiques","En partie","Oui, plutôt","Non, pas du tout","Important","Oui, plutôt","Non, pas du tout","Son expérience","ouvert","Centre-gauche","Aux médias traditionnels (télévision, radio, journaux, magazines et affichage)","Médias (TV, radio, presse), Entourage (ami·es, famille)","false","true","false","true","false","false","false","Non","Rejoindre une association, Participer à un projet artistique","false","false","false","true","true","false","false","false","Non, pas vraiment","Manque de confiance envers les politiques, Manque d’intérêt","true","false","false","true","false","false","false","Avoir plus confiance dans les candidat·es, Se sentir concerné·e par les enjeux","false","true","true","false","false","Non","","16","Homme","Brevet des collèges","Lycéen·ne","85 - Vendée"
"xVoGDMr","0Q0Ne0N","2026-09-18 11:55:59","Droits des animaux, Santé mentale (stress, anxiété, dépression), Droits des personnes LGBTQIA+","Santé mentale (stress, anxiété, dépression), Droits des animaux","Non, pas du tout","Non, pas du tout","Les responsables politiques, Les associations, Les citoyen·nes","Non","Oui, plutôt","Non, pas du tout","Très important","Non, pas vraiment","Non, pas du tout","Ses propositions concrètes","Soucieux des jeunes","Je préfère ne pas répondre","Aux médias traditionnels (télévision, radio, journaux, magazines et affichage)","Milieu scolaire / réseau étudiant, Je ne m’informe pas sur ce sujet","false","false","false","false","true","false","true","Non","Créer du contenu (vidéo, réseaux sociaux), Rejoindre une association","false","false","true","false","true","false","false","false","Je ne sais pas","Difficulté à comprendre les enjeux, Manque de confiance envers les politiques","true","false","false","false","false","true","false","Mieux comprendre les programmes, Se sentir concerné·e par les enjeux","true","true","false","false","false","Non","Non","15","Femme","Brevet des collèges","Lycéen·ne","85 - Vendée"
"8NW9Rjl","0Q0Nbg0","2026-09-18 12:58:30","Justice sociale, Lutte contre le racisme et la xénophobie, Économie","Éducation (orientation, égalité des chances), Lutte contre le racisme et la xénophobie","Non, pas vraiment","Non, pas vraiment","Les responsables politiques, Les associations, Les citoyen·nes","En partie","Oui, plutôt","Non, pas vraiment","Très important","Non, pas du tout","Non, pas vraiment","Ses propositions concrètes","Réaliste ","Extrême-gauche","Aux sites internet","Réseaux sociaux, Entourage (ami·es, famille)","true","false","false","true","false","false","false","Oui","Participer à des ateliers, débats, Rejoindre une association","true","false","false","false","true","false","false","false","Oui, plutôt","Manque de confiance envers les politiques, Difficulté à comprendre les enjeux","true","false","false","false","false","true","false","Mieux comprendre les programmes, Avoir plus confiance dans les candidat·es","true","false","true","false","false","Oui","Oui","22","Femme","Bac+5, ou diplôme de niveau équivalent","Étudiant·e","75 - Paris"
"zEOVbyE","kdjMKRJ","2026-09-18 13:07:51","Lutte contre le racisme et la xénophobie, Droits humains, Justice climatique et protection de l’environnement (biodiversité, réduction des déchets)","Justice climatique et protection de l’environnement (biodiversité, réduction des déchets), Lutte contre le racisme et la xénophobie","Non, pas vraiment","Non, pas vraiment","Les citoyen·nes, Les associations, Les responsables politiques","Oui, intégralement","Non, pas vraiment","Non, pas vraiment","Très important","Oui, tout à fait","Non, pas vraiment","Son expérience","","Gauche","Aux médias traditionnels (télévision, radio, journaux, magazines et affichage)","Réseaux sociaux, Milieu scolaire / réseau étudiant","true","false","false","false","true","false","false","Non","Manifester dans la rue, Participer à des ateliers, débats","true","false","false","false","false","true","false","false","Oui, plutôt","Difficulté à comprendre les enjeux, Manque de représentativité","false","true","false","false","false","true","false","Se sentir concerné·e par les enjeux, Mieux comprendre les programmes","true","true","false","false","false","Oui","Oui","22","Femme","Bac+3 ou +4, ou diplôme de niveau équivalent","Étudiant·e","75 - Paris"
"aOyWlBZ","obNXK55","2026-09-18 13:08:19","Droits humains, Accès à la culture, Justice climatique et protection de l’environnement (biodiversité, réduction des déchets)","Justice sociale, Justice climatique et protection de l’environnement (biodiversité, réduction des déchets)","Non, pas vraiment","Non, pas du tout","Les responsables politiques, Les associations, Les citoyen·nes","Oui, intégralement","Non, pas vraiment","Oui, plutôt","Très important","Oui, tout à fait","Non, pas du tout","Son appartenance politique, son parti","Juste","Extrême-gauche","Aux médias traditionnels (télévision, radio, journaux, magazines et affichage)","Médias (TV, radio, presse), Internet (sites d’information)","false","true","true","false","false","false","false","Oui","Participer à un projet artistique, Voter","false","false","false","true","false","false","true","false","Oui, tout à fait","Manque de confiance envers les politiques, Difficulté à comprendre les enjeux","true","false","false","false","false","true","false","Mieux comprendre les programmes, Avoir plus confiance dans les candidat·es","true","false","true","false","false","Oui","Oui","21","Femme","Bac+3 ou +4, ou diplôme de niveau équivalent","Étudiant·e","93 - Seine-Saint-Denis"
"GegMyae","BzoM2qY","2026-09-18 13:20:46","Droits des femmes, Lutte contre le racisme et la xénophobie, Éducation (orientation, égalité des chances)","Justice sociale, Droits humains","Non, pas du tout","Non, pas du tout","Les citoyen·nes, Les associations, Les responsables politiques","En partie","Oui, plutôt","Non, pas vraiment","Très important","Oui, plutôt","Non, pas vraiment","Ses propositions concrètes","Tolérant ","Gauche","Aux réseaux sociaux","Réseaux sociaux, Médias (TV, radio, presse)","true","true","false","false","false","false","false","Oui","Participer à des ateliers, débats, Rejoindre une association","true","false","false","false","true","false","false","false","Oui, tout à fait","Difficulté à comprendre les enjeux, Manque de confiance envers les politiques","true","false","false","false","false","true","false","Se sentir concerné·e par les enjeux, Se sentir mieux représenté·es","false","true","false","true","false","Oui","Oui","22","Femme","Bac+3 ou +4, ou diplôme de niveau équivalent","Étudiant·e","93 - Seine-Saint-Denis"
"PRgoe1P","680aMJJ","2026-09-18 13:22:23","Droits des femmes, Droits des animaux, Droits humains","Justice climatique et protection de l’environnement (biodiversité, réduction des déchets), Droits humains","Non, pas vraiment","Non, pas vraiment","Les citoyen·nes, Les responsables politiques, Les associations","En partie","Oui, plutôt","Non, pas vraiment","Très important","Oui, plutôt","Non, pas du tout","Ses propositions concrètes","De la vraie gauche ! ","Extrême-gauche","Aux médias traditionnels (télévision, radio, journaux, magazines et affichage)","Réseaux sociaux, Entourage (ami·es, famille)","true","false","false","true","false","false","false","Oui","Créer du contenu (vidéo, réseaux sociaux), Rejoindre une association","false","false","true","false","true","false","false","false","Oui, tout à fait","Manque de confiance envers les politiques, Difficulté à comprendre les enjeux","true","false","false","false","false","true","false","Se sentir concerné·e par les enjeux, Se sentir mieux représenté·es","false","true","false","true","false","Oui","Oui","22","Femme","Bac+3 ou +4, ou diplôme de niveau équivalent","Étudiant·e","75 - Paris"
"yXGOpOd","NpNGP7l","2026-09-18 13:28:49","Droits humains, Lutte contre le racisme et la xénophobie, Justice sociale","Économie, Handicap et lutte contre le validisme","Non, pas du tout","Non, pas du tout","Les responsables politiques, Les associations, Les citoyen·nes","Oui, intégralement","Non, pas vraiment","Non, pas vraiment","Important","Oui, plutôt","Non, pas vraiment","Ses propositions concrètes","Empathique","Gauche","Aux sites internet","Réseaux sociaux, Internet (sites d’information)","true","false","true","false","false","false","false","Non","Manifester dans la rue, Voter","false","false","false","false","false","true","true","false","Oui, plutôt","Manque d’accès à l’information, Difficulté à comprendre les enjeux","false","false","true","false","false","true","false","Mieux comprendre les programmes, Se sentir concerné·e par les enjeux","true","true","false","false","false","Oui","Oui","23","Femme","Bac+5, ou diplôme de niveau équivalent","Service Civique","92 - Hauts-de-Seine"
"zEOVlp8","81D7gOz","2026-09-18 14:04:41","Lutte contre les discriminations religieuses, Santé mentale (stress, anxiété, dépression), Transports et mobilités durables","Justice climatique et protection de l’environnement (biodiversité, réduction des déchets), Lutte contre les discriminations religieuses","Non, pas vraiment","Non, pas vraiment","Les citoyen·nes, Les associations, Les responsables politiques","Oui, intégralement","Non, pas du tout","Non, pas vraiment","Très important","Oui, tout à fait","Non, pas du tout","Ses propositions concrètes","Citoyen ","Ecologiste","Aux médias traditionnels (télévision, radio, journaux, magazines et affichage)","Médias (TV, radio, presse), Entourage (ami·es, famille)","false","true","false","true","false","false","false","Oui","Rejoindre une association, Manifester dans la rue","false","false","false","false","true","true","false","false","Oui, tout à fait","Manque de confiance envers les politiques, Manque de représentativité","true","true","false","false","false","false","false","Avoir plus confiance dans les candidat·es","false","false","true","false","false","Oui","Oui","20","Homme","Bac+3 ou +4, ou diplôme de niveau équivalent","Étudiant·e","75 - Paris"
"Yjg2N0v","ZjkqX5o","2026-09-18 14:05:11","Lutte contre le racisme et la xénophobie, Justice sociale, Droits des femmes","Justice sociale, Droits humains","Non, pas vraiment","Non, pas vraiment","Les responsables politiques, Les associations, Les citoyen·nes","En partie","Non, pas vraiment","Non, pas vraiment","Important","Oui, plutôt","Non, pas du tout","Ses propositions concrètes","citoyen","Extrême-gauche","Aux médias traditionnels (télévision, radio, journaux, magazines et affichage)","Médias (TV, radio, presse), Entourage (ami·es, famille)","false","true","false","true","false","false","false","Oui","Rejoindre une association, Voter","false","false","false","false","true","false","true","false","Oui, tout à fait","Manque de confiance envers les politiques, Difficulté à comprendre les enjeux","true","false","false","false","false","true","false","Mieux comprendre les programmes, Se sentir mieux représenté·es","true","false","false","true","false","Oui","Oui","21","Homme","Bac+3 ou +4, ou diplôme de niveau équivalent","En emploi","75 - Paris"
"WJg4Gjk","aQJ71yb","2026-09-18 14:13:32","Droits humains, Droits des femmes, Droits des personnes LGBTQIA+","Handicap et lutte contre le validisme, Logement","Non, pas du tout","Non, pas du tout","Les associations, Les citoyen·nes, Les responsables politiques","Oui, intégralement","Non, pas du tout","Non, pas vraiment","Très important","Oui, tout à fait","Non, pas vraiment","Ses propositions concrètes","Intègre ","Extrême-gauche","Aux réseaux sociaux","Réseaux sociaux, Internet (sites d’information)","true","false","true","false","false","false","false","Oui","Rejoindre une association, Manifester dans la rue","false","false","false","false","true","true","false","false","Oui, plutôt","Manque de confiance envers les politiques, Manque de représentativité","true","true","false","false","false","false","false","Se sentir concerné·e par les enjeux, Avoir plus confiance dans les candidat·es","false","true","true","false","false","Oui","Oui","24","Femme","Bac+5, ou diplôme de niveau équivalent","Sans emploi","92 - Hauts-de-Seine"
"o9pJrvO","dWGBoVK","2026-09-18 14:13:35","Droits des femmes, Justice climatique et protection de l’environnement (biodiversité, réduction des déchets), Droits humains","Droits humains, Justice climatique et protection de l’environnement (biodiversité, réduction des déchets)","Non, pas du tout","Non, pas du tout","Les associations, Les citoyen·nes, Les responsables politiques","Oui, intégralement","Non, pas vraiment","Non, pas vraiment","Très important","Oui, tout à fait","Non, pas vraiment","Ses propositions concrètes","Hônnete","Extrême-gauche","Aux réseaux sociaux","Internet (sites d’information), Réseaux sociaux","true","false","true","false","false","false","false","Non","Signer, lancer ou relayer des pétitions, Voter","false","true","false","false","false","false","true","false","Oui, plutôt","Manque de confiance envers les politiques, Manque de représentativité","true","true","false","false","false","false","false","Se sentir concerné·e par les enjeux, Avoir plus confiance dans les candidat·es","false","true","true","false","false","Oui","Oui","24","Femme","Bac+5, ou diplôme de niveau équivalent","En emploi","94 - Val-de-Marne"
"VpyLWOv","KYrY26g","2026-09-19 14:36:19","Santé mentale (stress, anxiété, dépression), Droits des femmes, Éducation (orientation, égalité des chances)","Lutte contre le racisme et la xénophobie, Droits humains","Non, pas vraiment","Non, pas du tout","Les responsables politiques, Les associations, Les citoyen·nes","En partie","Oui, plutôt","Non, pas du tout","Important","Non, pas vraiment","Non, pas du tout","Ses propositions concrètes","juste","Extrême-gauche","Aux réseaux sociaux","Réseaux sociaux, Milieu scolaire / réseau étudiant","true","false","false","false","true","false","false","Non","Participer à des ateliers, débats, Créer du contenu (vidéo, réseaux sociaux)","true","false","true","false","false","false","false","false","Oui, tout à fait","Manque de confiance envers les politiques, Manque d’accès à l’information","true","false","true","false","false","false","false","Mieux comprendre les programmes, Se sentir mieux représenté·es","true","false","false","true","false","Oui","Oui","20","Femme","Bac+2 ou diplôme de niveau équivalent","Étudiant·e","02 - Aisne"
"aOo92dy","Zjb9Aoy","2026-09-19 19:54:19","Accès à la culture, Santé mentale (stress, anxiété, dépression), Droits des femmes","Santé mentale (stress, anxiété, dépression), Justice sociale","Je ne sais pas","Non, pas vraiment","Les associations, Les responsables politiques, Les citoyen·nes","En partie","Oui, tout à fait","Non, pas vraiment","Très important","Non, pas vraiment","Non, pas vraiment","Ses propositions concrètes","","Extrême-gauche","Aux médias traditionnels (télévision, radio, journaux, magazines et affichage)","Réseaux sociaux, Internet (sites d’information)","true","false","true","false","false","false","false","Oui","Voter, Participer à un projet artistique","false","false","false","true","false","false","true","false","Oui, tout à fait","Manque de confiance envers les politiques, Difficulté à comprendre les enjeux","true","false","false","false","false","true","false","Se sentir mieux représenté·es, Mieux comprendre les programmes","true","false","false","true","false","Oui","Oui","19","Femme","Baccalauréat général, technologique, professionnel","Étudiant·e","13 - Bouches-du-Rhône"
"rDWJKGX","dWJl77q","2026-09-22 17:44:18","Santé mentale (stress, anxiété, dépression), Lutte contre les discriminations religieuses, Droits des femmes","Lutte contre les discriminations religieuses, Santé mentale (stress, anxiété, dépression)","Non, pas du tout","Non, pas vraiment","Les responsables politiques, Les associations, Les citoyen·nes","Oui, intégralement","Non, pas du tout","Non, pas vraiment","Important","Oui, tout à fait","Non, pas vraiment","Ses propositions concrètes","Fiable","Centre-gauche","Aux médias traditionnels (télévision, radio, journaux, magazines et affichage)","Médias (TV, radio, presse), Entourage (ami·es, famille)","false","true","false","true","false","false","false","Oui","Créer du contenu (vidéo, réseaux sociaux), Rejoindre une association","false","false","true","false","true","false","false","false","Oui, tout à fait","Manque de confiance envers les politiques, Manque de représentativité","true","true","false","false","false","false","false","Avoir plus confiance dans les candidat·es, Se sentir mieux représenté·es","false","false","true","true","false","Non","","17","Femme","Baccalauréat général, technologique, professionnel","Lycéen·ne","93 - Seine-Saint-Denis"
"aOokDrZ","EkoB17o","2026-09-23 12:23:52","Lutte contre le racisme et la xénophobie, Accès à la culture, Éducation (orientation, égalité des chances)","Droits humains, Lutte contre le racisme et la xénophobie","Non, pas vraiment","Non, pas vraiment","Les responsables politiques, Les associations, Les citoyen·nes","En partie","Non, pas vraiment","Oui, plutôt","Très important","Oui, tout à fait","Oui, plutôt","Ses propositions concrètes","","Gauche","Aux médias traditionnels (télévision, radio, journaux, magazines et affichage)","Réseaux sociaux, Internet (sites d’information)","true","false","true","false","false","false","false","Non","Manifester dans la rue, Voter","false","false","false","false","false","true","true","false","Oui, plutôt","Manque de confiance envers les politiques, Manque de représentativité","true","true","false","false","false","false","false","Se sentir concerné·e par les enjeux, Avoir plus confiance dans les candidat·es","false","true","true","false","false","Non","","17","Homme","Brevet des collèges","Lycéen·ne","75 - Paris"
"zEvgrga","RGqZ47P","2026-09-23 12:24:38","Droits des personnes LGBTQIA+, Santé mentale (stress, anxiété, dépression), Droits humains","Justice sociale, Politique étrangère","Je ne sais pas","Oui, plutôt","Les responsables politiques, Les citoyen·nes, Les associations","Non","Non, pas vraiment","Non, pas du tout","Important","Oui, plutôt","Non, pas vraiment","Ses propositions concrètes","","Gauche","Aux médias traditionnels (télévision, radio, journaux, magazines et affichage)","Réseaux sociaux, Je ne m’informe pas sur ce sujet","true","false","false","false","false","false","true","Non","Créer du contenu (vidéo, réseaux sociaux)","false","false","true","false","false","false","false","false","Oui, tout à fait","Manque de temps, Manque de représentativité","false","true","false","false","true","false","false","Se sentir mieux représenté·es, Se sentir concerné·e par les enjeux","false","true","false","true","false","Non","","17","Femme","Baccalauréat général, technologique, professionnel","Lycéen·ne","75 - Paris"
"xVBgPBo","D4RX1rX","2026-09-23 12:24:46","Droits des animaux, Droits des personnes LGBTQIA+, Santé mentale (stress, anxiété, dépression)","Droits des personnes LGBTQIA+, Santé mentale (stress, anxiété, dépression)","Non, pas vraiment","Non, pas vraiment","Les associations, Les responsables politiques, Les citoyen·nes","En partie","Non, pas vraiment","Non, pas vraiment","Très important","Oui, plutôt","Non, pas vraiment","Ses propositions concrètes","","Centre-gauche","Aux médias traditionnels (télévision, radio, journaux, magazines et affichage)","Réseaux sociaux, Médias (TV, radio, presse)","true","true","false","false","false","false","false","Non","Signer, lancer ou relayer des pétitions, Créer du contenu (vidéo, réseaux sociaux)","false","true","true","false","false","false","false","false","Oui, tout à fait","Manque de confiance envers les politiques, Manque de représentativité","true","true","false","false","false","false","false","Avoir plus confiance dans les candidat·es, Se sentir mieux représenté·es","false","false","true","true","false","Oui","Oui","17","Femme","Brevet des collèges","Lycéen·ne","75 - Paris"
"GeykJOz","ja80xe1","2026-09-23 12:25:13","Accès à la culture, Droits des personnes LGBTQIA+, Justice climatique et protection de l’environnement (biodiversité, réduction des déchets)","Justice climatique et protection de l’environnement (biodiversité, réduction des déchets), Logement","Non, pas vraiment","Oui, plutôt","Les responsables politiques, Les associations, Les citoyen·nes","En partie","Non, pas vraiment","Non, pas vraiment","Très important","Oui, tout à fait","Non, pas vraiment","Ses propositions concrètes","Engagé écologiquement et socialement ","Gauche","Aux médias traditionnels (télévision, radio, journaux, magazines et affichage)","Entourage (ami·es, famille), Médias (TV, radio, presse)","false","true","false","true","false","false","false","Non","Rejoindre une association, Voter","false","false","false","false","true","false","true","false","Oui, tout à fait","Manque de confiance envers les politiques, Manque de représentativité","true","true","false","false","false","false","false","Avoir plus confiance dans les candidat·es, Se sentir concerné·e par les enjeux","false","true","true","false","false","Oui","Oui","17","Homme","Baccalauréat général, technologique, professionnel","Lycéen·ne","75 - Paris"
"4adEobd","7R7JZba","2026-09-23 12:25:24","Droits des personnes LGBTQIA+, Droits humains, Santé mentale (stress, anxiété, dépression)","Justice climatique et protection de l’environnement (biodiversité, réduction des déchets), Lutte contre le racisme et la xénophobie","Non, pas vraiment","Oui, plutôt","Les responsables politiques, Les associations, Les citoyen·nes","En partie","Non, pas vraiment","Non, pas du tout","Pas du tout important","Oui, plutôt","Non, pas vraiment","Ses propositions concrètes","Égal ","Gauche","Aux médias traditionnels (télévision, radio, journaux, magazines et affichage)","Médias (TV, radio, presse), Entourage (ami·es, famille)","false","true","false","true","false","false","false","Oui","Rejoindre une association, Voter","false","false","false","false","true","false","true","false","Oui, tout à fait","Manque d’intérêt, Manque de confiance envers les politiques","true","false","false","true","false","false","false","Se sentir concerné·e par les enjeux, Se sentir mieux représenté·es","false","true","false","true","false","Oui","Oui","17","Femme","Brevet des collèges","Lycéen·ne","75 - Paris"
"7X5jVA6","EkoB0dB","2026-09-23 12:25:32","Droits des femmes, Lutte contre les discriminations religieuses, Sécurité","Droits des femmes, Lutte contre les discriminations religieuses","Oui, plutôt","Non, pas vraiment","Les responsables politiques, Les citoyen·nes, Les associations","En partie","Non, pas vraiment","Oui, plutôt","Important","Oui, plutôt","Oui, plutôt","Ses propositions concrètes","Honnête ","Centre-droite","Aux médias traditionnels (télévision, radio, journaux, magazines et affichage)","Médias (TV, radio, presse), Réseaux sociaux","true","true","false","false","false","false","false","Non","Participer à un projet artistique, Voter","false","false","false","true","false","false","true","false","Oui, tout à fait","Difficulté à comprendre les enjeux, Manque de confiance envers les politiques","true","false","false","false","false","true","false","Avoir plus confiance dans les candidat·es","false","false","true","false","false","Oui","Oui","17","Homme","Baccalauréat général, technologique, professionnel","Lycéen·ne","75 - Paris"
"e5Py7dx","D4RXezZ","2026-09-23 12:25:55","Lutte contre le racisme et la xénophobie, Santé mentale (stress, anxiété, dépression), Lutte contre les discriminations religieuses","Lutte contre les discriminations religieuses, Lutte contre le racisme et la xénophobie","Non, pas vraiment","Non, pas vraiment","Les responsables politiques, Les associations, Les citoyen·nes","Non","Non, pas vraiment","Non, pas vraiment","Très important","Oui, tout à fait","Non, pas vraiment","Son appartenance politique, son parti","","Gauche","Aux médias traditionnels (télévision, radio, journaux, magazines et affichage)","Entourage (ami·es, famille), Réseaux sociaux","true","false","false","true","false","false","false","Non","Voter, Manifester dans la rue","false","false","false","false","false","true","true","false","Oui, plutôt","Manque d’accès à l’information, Manque d’intérêt","false","false","true","true","false","false","false","Se sentir concerné·e par les enjeux, Mieux comprendre les programmes","true","true","false","false","false","Oui","Oui","17","Femme","Baccalauréat général, technologique, professionnel","Lycéen·ne","75 - Paris"
"e5Pyx2o","Xx6RqOd","2026-09-23 12:27:20","Lutte contre la grossophobie, Santé mentale (stress, anxiété, dépression), Droits humains","Justice climatique et protection de l’environnement (biodiversité, réduction des déchets), Économie","Oui, plutôt","Non, pas vraiment","Les citoyen·nes, Les associations, Les responsables politiques","En partie","Non, pas vraiment","Non, pas vraiment","Important","Oui, plutôt","Oui, plutôt","Ses propositions concrètes","De gaule ","Centre-gauche","Aux médias traditionnels (télévision, radio, journaux, magazines et affichage)","Réseaux sociaux, Médias (TV, radio, presse)","true","true","false","false","false","false","false","Non","Signer, lancer ou relayer des pétitions, Créer du contenu (vidéo, réseaux sociaux)","false","true","true","false","false","false","false","false","Oui, tout à fait","Manque d’accès à l’information, Manque de confiance envers les politiques","true","false","true","false","false","false","false","Mieux comprendre les programmes, Se sentir concerné·e par les enjeux","true","true","false","false","false","Oui","Oui","17","Homme","Baccalauréat général, technologique, professionnel","Lycéen·ne","75 - Paris"
"GeykBNQ","Mejr54p","2026-09-23 12:29:31","Justice sociale, Droits des femmes, Lutte contre les discriminations religieuses","Justice sociale, Lutte contre les discriminations religieuses","Non, pas vraiment","Non, pas vraiment","Les responsables politiques, Les citoyen·nes, Les associations","En partie","Non, pas vraiment","Non, pas vraiment","Important","Non, pas vraiment","Non, pas vraiment","Ses propositions concrètes","responsable ","Gauche","Aux médias traditionnels (télévision, radio, journaux, magazines et affichage)","Milieu scolaire / réseau étudiant, Entourage (ami·es, famille)","false","false","false","true","true","false","false","Non","Manifester dans la rue, Voter","false","false","false","false","false","true","true","false","Oui, tout à fait","Manque de confiance envers les politiques, Manque de temps","true","false","false","false","true","false","false","Avoir plus confiance dans les candidat·es, Se sentir mieux représenté·es","false","false","true","true","false","Non","Oui","16","Femme","Brevet des collèges","Lycéen·ne","75 - Paris"
"rDWQx0v","RGqV2gl","2026-09-24 10:52:52","Droits des femmes, Lutte contre le racisme et la xénophobie, Droits des personnes LGBTQIA+","Droits des femmes, Lutte contre le racisme et la xénophobie","Non, pas vraiment","Oui, tout à fait","Les responsables politiques, Les citoyen·nes, Les associations","Non","Non, pas vraiment","Non, pas du tout","Très important","Oui, tout à fait","Non, pas du tout","Ses propositions concrètes","juste, empathique","Ecologiste","Aux réseaux sociaux","Réseaux sociaux","true","false","false","false","false","false","false","Oui","Voter","false","false","false","false","false","false","true","false","Oui, plutôt","Manque de confiance envers les politiques, Manque de représentativité","true","true","false","false","false","false","false","Se sentir mieux représenté·es, Avoir plus confiance dans les candidat·es","false","false","true","true","false","Oui","Oui","18","Femme","Brevet des collèges","En emploi","93 - Seine-Saint-Denis"
"pe9qMzE","gD8vDol","2026-09-24 12:42:10","Droits humains, Harcèlement scolaire, Justice sociale","Droits humains, Logement","Non, pas du tout","Non, pas du tout","Les responsables politiques, Les associations, Les citoyen·nes","Oui, intégralement","Non, pas du tout","Non, pas du tout","Très important","Oui, tout à fait","Non, pas vraiment","Sa personnalité, son charisme","Humain","Extrême-gauche","Aux médias traditionnels (télévision, radio, journaux, magazines et affichage)","Réseaux sociaux, Internet (sites d’information)","true","false","true","false","false","false","false","Oui","Manifester dans la rue, Rejoindre une association","false","false","false","false","true","true","false","false","Je ne sais pas","Manque de représentativité, Manque de confiance envers les politiques","true","true","false","false","false","false","false","Mieux comprendre les programmes, Se sentir concerné·e par les enjeux","true","true","false","false","false","Oui","Je ne sais pas","21","Homme","Aucun diplôme","Sans emploi","75 - Paris"
"QoyNeGX","81bMP8r","2026-09-24 13:55:05","Justice sociale, Lutte contre le racisme et la xénophobie","Économie, Justice sociale","Non, pas du tout","Non, pas du tout","Les citoyen·nes, Les associations, Les responsables politiques","Non","Non, pas vraiment","Non, pas du tout","Très important","Oui, plutôt","Non, pas du tout","Ses propositions concrètes","Juste","Je préfère ne pas répondre","Aux réseaux sociaux","Je ne m’informe pas sur ce sujet","false","false","false","false","false","false","true","Oui","Rejoindre une association","false","false","false","false","true","false","false","false","Oui, plutôt","Manque d’intérêt, Manque d’accès à l’information","false","false","true","true","false","false","false","Mieux comprendre les programmes, Avoir plus confiance dans les candidat·es","true","false","true","false","false","Oui","Je ne sais pas","18","Femme","Brevet des collèges","Étudiant·e","94 - Val-de-Marne"
"Yjy27L5","81bMP8r","2026-09-25 10:00:18","Droits des femmes, Logement, Lutte contre les discriminations religieuses","Logement, Justice sociale","Non, pas vraiment","Oui, plutôt","Les responsables politiques, Les citoyen·nes, Les associations","Non","Oui, tout à fait","Non, pas du tout","Très important","Oui, plutôt","Non, pas du tout","Ses propositions concrètes","Réaliste","Je préfère ne pas répondre","Aux médias traditionnels (télévision, radio, journaux, magazines et affichage)","Médias (TV, radio, presse), Internet (sites d’information)","false","true","true","false","false","false","false","Oui","Voter, Rejoindre une association","false","false","false","false","true","false","true","false","Oui, plutôt","Manque de confiance envers les politiques, Manque d’accès à l’information","true","false","true","false","false","false","false","Se sentir mieux représenté·es","false","false","false","true","false","Oui","Oui","20","Femme","Aucun diplôme","Étudiant·e","93 - Seine-Saint-Denis"
"o9QXVD5","GxOyzqQ","2026-09-25 14:34:43","Droits des personnes LGBTQIA+, Lutte contre le racisme et la xénophobie, Lutte contre les violences policières","Lutte contre le racisme et la xénophobie, Logement","Non, pas vraiment","Non, pas du tout","Les citoyen·nes, Les associations, Les responsables politiques","En partie","Non, pas vraiment","Non, pas vraiment","Important","Oui, plutôt","Non, pas vraiment","Ses propositions concrètes","","Extrême-gauche","Aux médias traditionnels (télévision, radio, journaux, magazines et affichage)","Médias (TV, radio, presse), Réseaux sociaux","true","true","false","false","false","false","false","Oui","Rejoindre une association, Manifester dans la rue","false","false","false","false","true","true","false","false","Non, pas vraiment","Manque de confiance envers les politiques, Manque de temps","true","false","false","false","true","false","false","Avoir plus confiance dans les candidat·es, Se sentir mieux représenté·es","false","false","true","true","false","Oui","Oui","24","Femme","Bac+5, ou diplôme de niveau équivalent","Étudiant·e","93 - Seine-Saint-Denis"
"8N57Vjz","9qA5pZK","2026-09-25 15:28:21","Éducation (orientation, égalité des chances), Droits humains, Justice climatique et protection de l’environnement (biodiversité, réduction des déchets)","Justice climatique et protection de l’environnement (biodiversité, réduction des déchets), Emploi","Non, pas vraiment","Non, pas vraiment","Les responsables politiques, Les associations, Les citoyen·nes","Oui, intégralement","Non, pas vraiment","Non, pas vraiment","Très important","Non, pas vraiment","Oui, plutôt","Ses propositions concrètes","","Gauche","Aux sites internet","Médias (TV, radio, presse), Internet (sites d’information)","false","true","true","false","false","false","false","Oui","Voter","false","false","false","false","false","false","true","false","Oui, tout à fait","Manque d’intérêt, Manque de confiance envers les politiques","true","false","false","true","false","false","false","Se sentir concerné·e par les enjeux, Se sentir mieux représenté·es","false","true","false","true","false","Oui","Oui","24","Femme","Bac+5, ou diplôme de niveau équivalent","En emploi","93 - Seine-Saint-Denis"
"vXbQjQ4","PdZye5P","2026-09-25 16:20:44","Justice climatique et protection de l’environnement (biodiversité, réduction des déchets), Justice sociale, Lutte contre la désinformation","Justice climatique et protection de l’environnement (biodiversité, réduction des déchets), Justice sociale","Non, pas du tout","Non, pas du tout","Les associations, Les citoyen·nes, Les responsables politiques","En partie","Oui, plutôt","Non, pas vraiment","Important","Oui, plutôt","Non, pas du tout","Ses propositions concrètes","Pas de président","Extrême-gauche","Aux sites internet","Entourage (ami·es, famille), Réseaux sociaux","true","false","false","true","false","false","false","Non","Rejoindre une association, Aller physiquement soutenir une zone à défendre","false","false","false","false","true","false","false","true","Non, pas du tout","Manque de confiance envers les politiques, Manque d’accès à l’information","true","false","true","false","false","false","false","Mieux comprendre les programmes, Se sentir mieux représenté·es","true","false","false","true","false","Oui","Oui","24","Homme","Bac+3 ou +4, ou diplôme de niveau équivalent","Étudiant·e","93 - Seine-Saint-Denis"
"dbV5NRo","81b5VWl","2026-09-25 16:35:03","Alimentation durable, Droits humains, Lutte contre la désinformation","Lutte contre les violences policières, Justice sociale","Non, pas vraiment","Non, pas du tout","Les responsables politiques, Les associations, Les citoyen·nes","En partie","Non, pas vraiment","Non, pas du tout","Peu important","Oui, tout à fait","Non, pas vraiment","Ses propositions concrètes","fiable","Gauche","Aux réseaux sociaux","Réseaux sociaux, Entourage (ami·es, famille)","true","false","false","true","false","false","false","Oui","Participer à des ateliers, débats, Rejoindre une association","true","false","false","false","true","false","false","false","Oui, plutôt","Manque d’intérêt, Difficulté à comprendre les enjeux","false","false","false","true","false","true","false","Se sentir concerné·e par les enjeux, Se sentir mieux représenté·es","false","true","false","true","false","Oui","Oui","20","Femme","Bac+3 ou +4, ou diplôme de niveau équivalent","Étudiant·e","75 - Paris"
"EqYj0ao","81byM2O","2026-09-25 20:42:10","Droits humains, Éducation (orientation, égalité des chances), Droits des femmes","Droits humains, Justice climatique et protection de l’environnement (biodiversité, réduction des déchets)","Je ne sais pas","Non, pas du tout","Les responsables politiques, Les citoyen·nes, Les associations","En partie","Non, pas vraiment","Je ne sais pas","Très important","Oui, plutôt","Non, pas du tout","Ses propositions concrètes","","Ecologiste","Aux réseaux sociaux","Réseaux sociaux, Entourage (ami·es, famille)","true","false","false","true","false","false","false","Non","Participer à des ateliers, débats, Voter","true","false","false","false","false","false","true","false","Oui, tout à fait","Manque de confiance envers les politiques, Difficulté à comprendre les enjeux","true","false","false","false","false","true","false","Mieux comprendre les programmes, Se sentir concerné·e par les enjeux","true","true","false","false","false","Oui","Oui","24","Femme","Bac+5, ou diplôme de niveau équivalent","En emploi","95 - Val-d'Oise"
"yXkKx6W","ob81z9x","2026-09-25 20:45:53","Droits des femmes, Lutte contre les discriminations religieuses, Lutte contre le racisme et la xénophobie","Droits des femmes, Lutte contre le racisme et la xénophobie","Non, pas vraiment","Non, pas du tout","Les citoyen·nes, Les associations, Les responsables politiques","En partie","Non, pas vraiment","Non, pas vraiment","Très important","Non, pas vraiment","Non, pas du tout","Ses propositions concrètes","","Extrême-gauche","Aux réseaux sociaux","Réseaux sociaux, Internet (sites d’information)","true","false","true","false","false","false","false","Oui","Signer, lancer ou relayer des pétitions, Voter","false","true","false","false","false","false","true","false","Oui, tout à fait","Manque de confiance envers les politiques, Manque de représentativité","true","true","false","false","false","false","false","Mieux comprendre les programmes, Se sentir concerné·e par les enjeux","true","true","false","false","false","Oui","Oui","24","Femme","Bac+5, ou diplôme de niveau équivalent","En emploi","93 - Seine-Saint-Denis"
"KpZz0MK","vG8avNv","2026-09-26 09:11:51","Droits des animaux, Droits des femmes, Justice climatique et protection de l’environnement (biodiversité, réduction des déchets)","Lutte contre les violences policières, Économie","Non, pas vraiment","Non, pas vraiment","Les responsables politiques, Les associations, Les citoyen·nes","Oui, intégralement","Non, pas vraiment","Non, pas vraiment","Important","Oui, plutôt","Non, pas du tout","Ses propositions concrètes","juste","Gauche","Aux réseaux sociaux","Réseaux sociaux, Entourage (ami·es, famille)","true","false","false","true","false","false","false","Oui","Signer, lancer ou relayer des pétitions, Manifester dans la rue","false","true","false","false","false","true","false","false","Oui, tout à fait","Difficulté à comprendre les enjeux, Manque d’intérêt","false","false","false","true","false","true","false","Se sentir concerné·e par les enjeux, Avoir plus confiance dans les candidat·es","false","true","true","false","false","Oui","Oui","20","Femme","Bac+2 ou diplôme de niveau équivalent","Étudiant·e","59 - Nord"
"RWad4Ep","vG860Mv","2026-09-26 12:53:49","Droits des femmes, Lutte contre les discriminations religieuses, Politique étrangère","Droits humains, Lutte contre le racisme et la xénophobie","Non, pas vraiment","Non, pas du tout","Les citoyen·nes, Les responsables politiques, Les associations","Non","Oui, tout à fait","Non, pas du tout","Très important","Oui, tout à fait","Non, pas du tout","Ses propositions concrètes","","Extrême-gauche","Aux réseaux sociaux","Réseaux sociaux, Internet (sites d’information)","true","false","true","false","false","false","false","Oui","Signer, lancer ou relayer des pétitions, Participer à des ateliers, débats","true","true","false","false","false","false","false","false","Oui, tout à fait","Manque de confiance envers les politiques, Manque de représentativité","true","true","false","false","false","false","false","Mieux comprendre les programmes, Se sentir concerné·e par les enjeux","true","true","false","false","false","Non","","21","Femme","Bac+3 ou +4, ou diplôme de niveau équivalent","Étudiant·e","75 - Paris"
"zEoK2XM","RGqA8JQ","2026-09-27 20:41:44","Justice sociale, Droits des femmes, Éducation (orientation, égalité des chances)","Justice sociale, Justice climatique et protection de l’environnement (biodiversité, réduction des déchets)","Oui, plutôt","Non, pas du tout","Les citoyen·nes, Les associations, Les responsables politiques","Oui, intégralement","Non, pas vraiment","Non, pas vraiment","Très important","Oui, tout à fait","Non, pas du tout","Ses propositions concrètes","Ouvrier.ères","Extrême-gauche","Aux médias traditionnels (télévision, radio, journaux, magazines et affichage)","Structures jeunesse (missions locales, associations…), Médias (TV, radio, presse)","false","true","false","false","false","true","false","Oui","Rejoindre une association, Participer à des ateliers, débats","true","false","false","false","true","false","false","false","Oui, tout à fait","Difficulté à comprendre les enjeux, Manque de représentativité","false","true","false","false","false","true","false","Se sentir concerné·e par les enjeux, Se sentir mieux représenté·es","false","true","false","true","false","Oui","Oui","21","Femme","Bac+3 ou +4, ou diplôme de niveau équivalent","Étudiant·e","92 - Hauts-de-Seine"
"EqELDaq","ob8Wo9e","2026-09-28 09:45:41","Droits des femmes, Droits humains, Alimentation durable","Droits humains, Justice climatique et protection de l’environnement (biodiversité, réduction des déchets)","Non, pas vraiment","Non, pas vraiment","Les citoyen·nes, Les responsables politiques, Les associations","En partie","Oui, plutôt","Non, pas du tout","Important","Non, pas vraiment","Non, pas du tout","Ses propositions concrètes","","Gauche","Aux médias traditionnels (télévision, radio, journaux, magazines et affichage)","Médias (TV, radio, presse)","false","true","false","false","false","false","false","Non","Voter, Manifester dans la rue","false","false","false","false","false","true","true","false","Non, pas vraiment","Manque de représentativité, Difficulté à comprendre les enjeux","false","true","false","false","false","true","false","Mieux comprendre les programmes, Se sentir concerné·e par les enjeux","true","true","false","false","false","Oui","Oui","20","Femme","Bac+2 ou diplôme de niveau équivalent","Étudiant·e","75 - Paris"
"6DyvY8Y","xX8OaBd","2026-09-28 13:31:37","Droits des femmes, Justice sociale, Droits humains","Droits humains, Éducation (orientation, égalité des chances)","Oui, plutôt","Non, pas vraiment","Les associations, Les citoyen·nes, Les responsables politiques","En partie","Non, pas vraiment","Non, pas vraiment","Très important","Oui, tout à fait","Non, pas vraiment","Son appartenance politique, son parti","","Gauche","Aux médias traditionnels (télévision, radio, journaux, magazines et affichage)","Réseaux sociaux, Entourage (ami·es, famille)","true","false","false","true","false","false","false","Non","Rejoindre une association, Voter","false","false","false","false","true","false","true","false","Oui, tout à fait","Manque d’accès à l’information, Manque de confiance envers les politiques","true","false","true","false","false","false","false","Mieux comprendre les programmes, Se sentir concerné·e par les enjeux","true","true","false","false","false","Non","","15","Femme","Brevet des collèges","Lycéen·ne","93 - Seine-Saint-Denis"
"8Ny8YZ5","2E9QNz9","2026-09-28 13:32:02","Lutte contre les discriminations religieuses, Droits des femmes, Justice sociale","Droits des femmes, Lutte contre les discriminations religieuses","Non, pas vraiment","Non, pas du tout","Les citoyen·nes, Les associations, Les responsables politiques","En partie","Non, pas vraiment","Non, pas vraiment","Important","Oui, tout à fait","Non, pas vraiment","Son appartenance politique, son parti","Juste","Gauche","Aux réseaux sociaux","Entourage (ami·es, famille)","false","false","false","true","false","false","false","Non","Voter","false","false","false","false","false","false","true","false","Oui, tout à fait","Manque de confiance envers les politiques, Manque de représentativité","true","true","false","false","false","false","false","Se sentir concerné·e par les enjeux, Se sentir mieux représenté·es","false","true","false","true","false","Non","","16","Femme","Brevet des collèges","Lycéen·ne","95 - Val-d'Oise"
"PReYNB0","RGqE5NJ","2026-09-28 13:32:42","Droits des femmes, Éducation (orientation, égalité des chances), Lutte contre la grossophobie","Protection des données et de la vie privée (numérique), Santé mentale (stress, anxiété, dépression)","Non, pas vraiment","Non, pas vraiment","Les associations, Les citoyen·nes, Les responsables politiques","Oui, intégralement","Non, pas vraiment","Oui, plutôt","Important","Non, pas vraiment","Oui, tout à fait","Son expérience","Compréhensible ","Je préfère ne pas répondre","Aux réseaux sociaux","Réseaux sociaux, Entourage (ami·es, famille)","true","false","false","true","false","false","false","Oui","Rejoindre une association, Voter","false","false","false","false","true","false","true","false","Oui, tout à fait","Manque d’intérêt","false","false","false","true","false","false","false","Se sentir concerné·e par les enjeux","false","true","false","false","false","Non","Je ne sais pas","15","Femme","Brevet des collèges","Lycéen·ne","95 - Val-d'Oise"
"aOgE1a2","J9E5A7J","2026-09-28 13:33:02","Droits des femmes, Lutte contre le racisme et la xénophobie, Handicap et lutte contre le validisme","Éducation (orientation, égalité des chances), Lutte contre les discriminations religieuses","Non, pas du tout","Non, pas du tout","Les responsables politiques, Les citoyen·nes, Les associations","En partie","Non, pas vraiment","Non, pas du tout","Important","Oui, plutôt","Non, pas du tout","Son appartenance politique, son parti","","Gauche","Aux médias traditionnels (télévision, radio, journaux, magazines et affichage)","Réseaux sociaux, Médias (TV, radio, presse)","true","true","false","false","false","false","false","Oui","Manifester dans la rue, Voter","false","false","false","false","false","true","true","false","Oui, tout à fait","Manque de confiance envers les politiques, Difficulté à comprendre les enjeux","true","false","false","false","false","true","false","Mieux comprendre les programmes, Se sentir concerné·e par les enjeux","true","true","false","false","false","Non","Non","17","Femme","Brevet des collèges","Lycéen·ne","95 - Val-d'Oise"
"q5MWqxk","BzJMX7e","2026-09-28 13:34:23","Droits des femmes, Droits des animaux, Lutte contre les discriminations religieuses","Économie, Justice sociale","Non, pas vraiment","Non, pas vraiment","Les responsables politiques, Les citoyen·nes, Les associations","En partie","Non, pas vraiment","Non, pas vraiment","Important","Oui, plutôt","Non, pas vraiment","Ses propositions concrètes","Juste ","Gauche","Aux médias traditionnels (télévision, radio, journaux, magazines et affichage)","Milieu scolaire / réseau étudiant, Internet (sites d’information)","false","false","true","false","true","false","false","Oui","Participer à des ateliers, débats, Rejoindre une association","true","false","false","false","true","false","false","false","Non, pas vraiment","Manque d’intérêt, Manque d’accès à l’information","false","false","true","true","false","false","false","Se sentir mieux représenté·es, Mieux comprendre les programmes","true","false","false","true","false","Non","Non","16","Femme","Brevet des collèges","Lycéen·ne","95 - Val-d'Oise"
"QoWY9jl","dWJB6zy","2026-09-28 13:36:17","Droits des femmes, Lutte contre le racisme et la xénophobie, Santé mentale (stress, anxiété, dépression)","Éducation (orientation, égalité des chances), Économie","Oui, plutôt","Non, pas vraiment","Les responsables politiques, Les citoyen·nes, Les associations","En partie","Non, pas vraiment","Non, pas vraiment","Important","Oui, plutôt","Non, pas vraiment","Ses propositions concrètes","","Gauche","Aux médias traditionnels (télévision, radio, journaux, magazines et affichage)","Réseaux sociaux, Médias (TV, radio, presse)","true","true","false","false","false","false","false","Non","Signer, lancer ou relayer des pétitions, Voter","false","true","false","false","false","false","true","false","Oui, tout à fait","Manque de confiance envers les politiques, Difficulté à comprendre les enjeux","true","false","false","false","false","true","false","Mieux comprendre les programmes, Se sentir concerné·e par les enjeux","true","true","false","false","false","Non","","16","Femme","Brevet des collèges","Lycéen·ne","95 - Val-d'Oise"
"M1qYjPY","aQp7B5E","2026-09-28 13:39:03","Droits humains, Lutte contre les discriminations religieuses, Lutte contre le racisme et la xénophobie","Justice sociale, Lutte contre les discriminations religieuses","Non, pas vraiment","Non, pas du tout","Les associations, Les citoyen·nes, Les responsables politiques","En partie","Oui, plutôt","Non, pas vraiment","Important","Oui, plutôt","Non, pas vraiment","Ses propositions concrètes","","Extrême-gauche","Aux médias traditionnels (télévision, radio, journaux, magazines et affichage)","Réseaux sociaux, Médias (TV, radio, presse)","true","true","false","false","false","false","false","Oui","Participer à des ateliers, débats, Rejoindre une association","true","false","false","false","true","false","false","false","Oui, tout à fait","Manque d’accès à l’information, Manque d’intérêt","false","false","true","true","false","false","false","Mieux comprendre les programmes, Se sentir concerné·e par les enjeux","true","true","false","false","false","Non","","16","Femme","Baccalauréat général, technologique, professionnel","Lycéen·ne","93 - Seine-Saint-Denis"
"8Ny8Oy5","RGqV2gl","2026-09-28 13:58:46","Lutte contre les violences policières, Droits des femmes, Lutte contre les discriminations religieuses","Lutte contre les violences policières, Protection des données et de la vie privée (numérique)","Oui, plutôt","Non, pas vraiment","Les citoyen·nes, Les associations, Les responsables politiques","En partie","Non, pas vraiment","Non, pas vraiment","Important","Oui, tout à fait","Non, pas vraiment","Ses propositions concrètes","co construction","Gauche","Aux sites internet","Réseaux sociaux, Internet (sites d’information)","true","false","true","false","false","false","false","Non","Participer à des ateliers, débats, Rejoindre une association","true","false","false","false","true","false","false","false","Oui, plutôt","Manque de représentativité, Manque de confiance envers les politiques","true","true","false","false","false","false","false","Se sentir concerné·e par les enjeux, Se sentir mieux représenté·es","false","true","false","true","false","Oui","Oui","19","Femme","Brevet des collèges","Sans emploi","93 - Seine-Saint-Denis"
"5XDlX6o","9qAzjQY","2026-09-28 19:46:23","Droits des femmes, Emploi, Lutte contre les violences policières","Lutte contre le racisme et la xénophobie, Lutte contre les violences policières","Non, pas vraiment","Non, pas du tout","Les citoyen·nes, Les associations, Les responsables politiques","En partie","Non, pas vraiment","Non, pas vraiment","Important","Oui, tout à fait","Non, pas vraiment","Ses propositions concrètes","juste ","Extrême-gauche","Aux réseaux sociaux","Réseaux sociaux","true","false","false","false","false","false","false","Oui","Manifester dans la rue, Voter","false","false","false","false","false","true","true","false","Oui, tout à fait","Manque d’intérêt, Manque de confiance envers les politiques","true","false","false","true","false","false","false","Mieux comprendre les programmes, Se sentir mieux représenté·es","true","false","false","true","false","Non","","16","Femme","Baccalauréat général, technologique, professionnel","Lycéen·ne","95 - Val-d'Oise"
"8Ny66YA","9qjGLJK","2026-09-29 09:41:55","Droits des femmes, Droits des personnes LGBTQIA+","Droits des femmes, Droits humains","Non, pas du tout","Non, pas du tout","Les responsables politiques, Les citoyen·nes, Les associations","Oui, intégralement","Oui, plutôt","Non, pas du tout","Très important","Oui, plutôt","Non, pas du tout","Ses propositions concrètes","Femme ","Gauche","Aux sites internet","Milieu scolaire / réseau étudiant, Médias (TV, radio, presse)","false","true","false","false","true","false","false","Oui","Rejoindre une association, Participer à un projet artistique","false","false","false","true","true","false","false","false","Oui, plutôt","Manque de confiance envers les politiques, Manque d’intérêt","true","false","false","true","false","false","false","Se sentir mieux représenté·es, Se sentir concerné·e par les enjeux","false","true","false","true","false","Oui","Oui","20","Femme","Bac+2 ou diplôme de niveau équivalent","Étudiant·e","75 - Paris"
"DqPxZKZ","VLOERyy","2026-09-29 09:43:21","Justice sociale, Droits des femmes, Lutte contre le racisme et la xénophobie","Santé mentale (stress, anxiété, dépression), Lutte contre les violences policières","Non, pas vraiment","Non, pas du tout","Les citoyen·nes, Les associations, Les responsables politiques","Oui, intégralement","Non, pas vraiment","Non, pas vraiment","Très important","Oui, plutôt","Non, pas vraiment","Ses propositions concrètes","","Extrême-gauche","Aux réseaux sociaux","Réseaux sociaux, Entourage (ami·es, famille)","true","false","false","true","false","false","false","Oui","Signer, lancer ou relayer des pétitions, Voter","false","true","false","false","false","false","true","false","Oui, tout à fait","Manque d’accès à l’information, Manque d’intérêt","false","false","true","true","false","false","false","Se sentir mieux représenté·es, Mieux comprendre les programmes","true","false","false","true","false","Oui","Oui","23","Femme","Bac+2 ou diplôme de niveau équivalent","Étudiant·e","77 - Seine-et-Marne"
"yXRoRBd","J9v9d5J","2026-09-29 10:13:50","Justice climatique et protection de l’environnement (biodiversité, réduction des déchets), Droits des animaux, Droits des femmes","Droits humains, Justice climatique et protection de l’environnement (biodiversité, réduction des déchets)","Non, pas du tout","Non, pas vraiment","Les responsables politiques, Les associations, Les citoyen·nes","Oui, intégralement","Oui, plutôt","Non, pas vraiment","Très important","Oui, plutôt","Non, pas vraiment","Ses propositions concrètes","Zohran Mamdani 👏","Gauche","Aux sites internet","Médias (TV, radio, presse), Internet (sites d’information)","false","true","true","false","false","false","false","Oui","Signer, lancer ou relayer des pétitions, Voter","false","true","false","false","false","false","true","false","Oui, tout à fait","Manque de confiance envers les politiques, Difficulté à comprendre les enjeux","true","false","false","false","false","true","false","Mieux comprendre les programmes, Se sentir concerné·e par les enjeux","true","true","false","false","false","Oui","Oui","19","Femme","Baccalauréat général, technologique, professionnel","Étudiant·e","77 - Seine-et-Marne"
"o915aGV","Np1pl7p","2026-09-29 10:15:01","Accès à la culture, Droits des femmes, Droits des personnes LGBTQIA+","Droits humains, Justice climatique et protection de l’environnement (biodiversité, réduction des déchets)","Non, pas du tout","Non, pas du tout","Les citoyen·nes, Les responsables politiques, Les associations","En partie","Oui, plutôt","Non, pas vraiment","Important","Oui, plutôt","Non, pas du tout","Son appartenance politique, son parti","Mamdani","Extrême-gauche","Aux médias traditionnels (télévision, radio, journaux, magazines et affichage)","Réseaux sociaux, Internet (sites d’information)","true","false","true","false","false","false","false","Oui","Voter, Signer, lancer ou relayer des pétitions","false","true","false","false","false","false","true","false","Oui, tout à fait","Difficulté à comprendre les enjeux, Manque de confiance envers les politiques","true","false","false","false","false","true","false","Mieux comprendre les programmes, Se sentir concerné·e par les enjeux","true","true","false","false","false","Oui","Oui","20","Femme","Baccalauréat général, technologique, professionnel","Étudiant·e","78 - Yvelines"
"M1q698l","Mepe5G0","2026-09-29 11:02:58","Éducation (orientation, égalité des chances), Droits humains, Droits des femmes","Économie, Droits humains","Non, pas vraiment","Non, pas vraiment","Les citoyen·nes, Les responsables politiques, Les associations","En partie","Non, pas du tout","Non, pas vraiment","Important","Non, pas vraiment","Non, pas du tout","Ses propositions concrètes","Moral","Anarchiste","Aux réseaux sociaux","Entourage (ami·es, famille), Réseaux sociaux","true","false","false","true","false","false","false","Non","Voter","false","false","false","false","false","false","true","false","Non, pas vraiment","Difficulté à comprendre les enjeux","false","false","false","false","false","true","false","Se sentir mieux représenté·es","false","false","false","true","false","Oui","Oui","17","Femme","Baccalauréat général, technologique, professionnel","Étudiant·e","95 - Val-d'Oise"
"WJBjJ6J","BzWzQee","2026-09-29 11:18:44","Économie, Droits humains, Accès à la culture","Droits humains, Économie","Oui, plutôt","Oui, plutôt","Les citoyen·nes, Les responsables politiques, Les associations","En partie","Non, pas du tout","Non, pas du tout","Très important","Oui, plutôt","Non, pas vraiment","Ses propositions concrètes","À l'écoute","Je trouve qu'il y a de bonnes idées à gauche et à droite, il faut juste bien les concilier","Aux médias traditionnels (télévision, radio, journaux, magazines et affichage)","Réseaux sociaux, Médias (TV, radio, presse)","true","true","false","false","false","false","false","Oui","Participer à un projet artistique, Voter","false","false","false","true","false","false","true","false","Non, pas vraiment","Manque de représentativité, Manque de confiance envers les politiques","true","true","false","false","false","false","false","Se sentir concerné·e par les enjeux, Se sentir mieux représenté·es","false","true","false","true","false","Oui","Oui","18","Femme","Baccalauréat général, technologique, professionnel","Étudiant·e","75 - Paris"
"Ge4QoBk","VLOLdJl","2026-09-29 12:19:14","Santé mentale (stress, anxiété, dépression), Sécurité, Protection des données et de la vie privée (numérique)","Sécurité, Santé (prévention)","Non, pas vraiment","Non, pas vraiment","Les associations, Les citoyen·nes, Les responsables politiques","Non","Oui, tout à fait","Je ne sais pas","Important","Non, pas vraiment","Non, pas vraiment","Ses propositions concrètes","Je ne sais pas","Je préfère ne pas répondre","Aux sites internet","Internet (sites d’information), Médias (TV, radio, presse)","false","true","true","false","false","false","false","Oui","Participer à un projet artistique, Manifester dans la rue","false","false","false","true","false","true","false","false","Je ne sais pas","Manque de confiance envers les politiques, Manque de représentativité","true","true","false","false","false","false","false","Avoir plus confiance dans les candidat·es, Se sentir mieux représenté·es","false","false","true","true","false","Non","Je ne sais pas","15","Homme","Brevet des collèges","Étudiant·e","75 - Paris"
"1Wypb5M","9qjqavE","2026-09-29 12:20:11","Logement, Lutte contre le racisme et la xénophobie, Santé (prévention)","Logement, Lutte contre le racisme et la xénophobie","Non, pas du tout","Non, pas du tout","Les responsables politiques, Les associations, Les citoyen·nes","Non","Oui, plutôt","Je ne sais pas","Très important","Non, pas vraiment","Non, pas vraiment","Son expérience","Il doit être juste est gentil ","Je préfère ne pas répondre","Aux réseaux sociaux","Réseaux sociaux, Entourage (ami·es, famille)","true","false","false","true","false","false","false","Oui","Participer à des ateliers, débats, Participer à un projet artistique","true","false","false","true","false","false","false","false","Non, pas vraiment","Manque d’intérêt, Difficulté à comprendre les enjeux","false","false","false","true","false","true","false","Avoir plus confiance dans les candidat·es, Je ne sais pas","false","false","true","false","true","Oui","Oui","19","Femme","Je préfère ne pas répondre","Lycéen·ne","75 - Paris"
"KpZaPjD","xX5Xo45","2026-09-29 12:20:50","Éducation (orientation, égalité des chances), Protection des données et de la vie privée (numérique)","Lutte contre les discriminations religieuses, Lutte contre les violences policières","Non, pas vraiment","Je ne sais pas","Les associations, Les responsables politiques, Les citoyen·nes","Non","Oui, plutôt","Oui, tout à fait","Très important","Oui, tout à fait","Oui, plutôt","Son expérience","Macron","Oui","Aux médias traditionnels (télévision, radio, journaux, magazines et affichage)","Structures jeunesse (missions locales, associations…), Internet (sites d’information)","false","false","true","false","false","true","false","Oui","Voter","false","false","false","false","false","false","true","false","Non, pas du tout","Manque d’accès à l’information, Manque d’intérêt","false","false","true","true","false","false","false","Mieux comprendre les programmes, Avoir plus confiance dans les candidat·es","true","false","true","false","false","Oui","Je ne sais pas","16","Homme","Je préfère ne pas répondre","Lycéen·ne","01 - Ain"
"WJBjDrv","xX5Xo45","2026-09-29 12:25:29","Justice climatique et protection de l’environnement (biodiversité, réduction des déchets), Santé mentale (stress, anxiété, dépression)","Alimentation durable, Droits des animaux","Je ne sais pas","Je ne sais pas","Les responsables politiques, Les associations, Les citoyen·nes","En partie","Oui, tout à fait","Non, pas du tout","Important","Oui, plutôt","Non, pas du tout","Son expérience","Macron","Oui","Aux médias traditionnels (télévision, radio, journaux, magazines et affichage)","Je ne m’informe pas sur ce sujet, Médias (TV, radio, presse)","false","true","false","false","false","false","true","Non","Signer, lancer ou relayer des pétitions","false","true","false","false","false","false","false","false","Oui, tout à fait","Manque de confiance envers les politiques, Manque d’accès à l’information","true","false","true","false","false","false","false","Se sentir mieux représenté·es, Avoir plus confiance dans les candidat·es","false","false","true","true","false","Oui","Non","16","Homme","Baccalauréat général, technologique, professionnel","Lycéen·ne","02 - Aisne"
"J1xWXDJ","PdJdyG1","2026-09-29 12:26:22","Droits des femmes, Droits des personnes LGBTQIA+, Justice climatique et protection de l’environnement (biodiversité, réduction des déchets)","Justice sociale","Oui, tout à fait","Oui, tout à fait","Les associations, Les citoyen·nes, Les responsables politiques","Non","Non, pas vraiment","Oui, tout à fait","Très important","Non, pas vraiment","Non, pas du tout","Ses propositions concrètes","Bonne chance 🍀 ","Je préfère ne pas répondre","Aux réseaux sociaux","Internet (sites d’information)","false","false","true","false","false","false","false","Oui","Rejoindre une association","false","false","false","false","true","false","false","false","Non, pas du tout","Manque d’accès à l’information, Difficulté à comprendre les enjeux","false","false","true","false","false","true","false","Mieux comprendre les programmes, Se sentir mieux représenté·es","true","false","false","true","false","Non","Non","16","Femme","Je préfère ne pas répondre","Lycéen·ne","75 - Paris"
"5XDp88b","J9v9YBK","2026-09-29 12:26:46","Justice climatique et protection de l’environnement (biodiversité, réduction des déchets)","Politique étrangère","Non, pas du tout","Non, pas du tout","Les citoyen·nes, Les responsables politiques, Les associations","En partie","Oui, plutôt","Non, pas du tout","Très important","Oui, plutôt","Non, pas du tout","Son expérience","À l’écoute ","Droite","Aux sites internet","Internet (sites d’information)","false","false","true","false","false","false","false","Oui","Manifester dans la rue","false","false","false","false","false","true","false","false","Oui, plutôt","Manque de confiance envers les politiques","true","false","false","false","false","false","false","Avoir plus confiance dans les candidat·es","false","false","true","false","false","Non","","15","Homme","CAP, BEP ou diplôme de niveau équivalent","Lycéen·ne","75 - Paris"
"4aypAbk","xX5XB5G","2026-09-29 12:28:07","Éducation (orientation, égalité des chances)","Éducation (orientation, égalité des chances)","Oui, plutôt","Oui, plutôt","Les responsables politiques, Les associations, Les citoyen·nes","Non","Oui, tout à fait","Je ne sais pas","Très important","Non, pas vraiment","Oui, plutôt","Ses propositions concrètes","","Je préfère ne pas répondre","Aux médias traditionnels (télévision, radio, journaux, magazines et affichage)","Milieu scolaire / réseau étudiant","false","false","false","false","true","false","false","Oui","Voter","false","false","false","false","false","false","true","false","Oui, tout à fait","Difficulté à comprendre les enjeux","false","false","false","false","false","true","false","Se sentir concerné·e par les enjeux","false","true","false","false","false","Non","","15","Homme","CAP, BEP ou diplôme de niveau équivalent","Lycéen·ne","93 - Seine-Saint-Denis"
"4aypAZb","jaAa2j6","2026-09-29 12:28:24","Logement","Logement, Droits humains","Non, pas du tout","Non, pas du tout","Les associations, Les citoyen·nes, Les responsables politiques","Non","Oui, tout à fait","Oui, plutôt","Très important","Non, pas du tout","Non, pas du tout","Son expérience","Il vas être bien ","Gauche","Aux réseaux sociaux","Réseaux sociaux, Structures jeunesse (missions locales, associations…)","true","false","false","false","false","true","false","Oui","Rejoindre une association, Participer à des ateliers, débats","true","false","false","false","true","false","false","false","Oui, tout à fait","Manque de confiance envers les politiques, Difficulté à comprendre les enjeux","true","false","false","false","false","true","false","Avoir plus confiance dans les candidat·es, Se sentir mieux représenté·es","false","false","true","true","false","Non","Oui","17","Homme","Aucun diplôme","Lycéen·ne","10 - Aube"
"o91k50V","lbkb1rv","2026-09-29 12:30:19","Droits humains","Droits humains","Non, pas vraiment","Non, pas vraiment","Les responsables politiques, Les associations, Les citoyen·nes","Non","Oui, tout à fait","Oui, plutôt","Peu important","Non, pas du tout","Non, pas du tout","Ses propositions concrètes","","Centre","Aux sites internet","Médias (TV, radio, presse), Entourage (ami·es, famille)","false","true","false","true","false","false","false","Oui","Participer à des ateliers, débats, Signer, lancer ou relayer des pétitions","true","true","false","false","false","false","false","false","Je ne sais pas","Manque d’intérêt","false","false","false","true","false","false","false","Je ne sais pas","false","false","false","false","true","Non","Je ne sais pas","15","Homme","CAP, BEP ou diplôme de niveau équivalent","Lycéen·ne","75 - Paris"
"DqPZxPE","Ek7kEDo","2026-09-29 12:31:14","Droits des animaux, Droits des femmes","Logement, Droits humains","Oui, plutôt","Oui, tout à fait","Les responsables politiques, Les citoyen·nes, Les associations","En partie","Non, pas vraiment","Oui, plutôt","Très important","Non, pas vraiment","Oui, plutôt","Son expérience","IL vast etre bien","Gauche","Aux réseaux sociaux","Réseaux sociaux, Entourage (ami·es, famille)","true","false","false","true","false","false","false","Oui","Participer à des ateliers, débats, Rejoindre une association","true","false","false","false","true","false","false","false","Oui, tout à fait","Manque d’accès à l’information, Difficulté à comprendre les enjeux","false","false","true","false","false","true","false","Mieux comprendre les programmes, Avoir plus confiance dans les candidat·es","true","false","true","false","false","Non","Oui","18","Femme","Aucun diplôme","Lycéen·ne","12 - Aveyron"
"8NyRRox","jaAaYzY","2026-09-29 12:32:28","Lutte contre le racisme et la xénophobie","Lutte contre le racisme et la xénophobie, Sécurité","Non, pas du tout","Oui, tout à fait","Les responsables politiques, Les citoyen·nes, Les associations","Non","Oui, tout à fait","Non, pas du tout","Très important","Non, pas vraiment","Non, pas du tout","Ses propositions concrètes","Il doit juste gentil ","Centre","Aux sites internet","Entourage (ami·es, famille)","false","false","false","true","false","false","false","Oui","Signer, lancer ou relayer des pétitions, Rejoindre une association","false","true","false","false","true","false","false","false","Je ne sais pas","Manque de représentativité, Manque de temps","false","true","false","false","true","false","false","Je ne sais pas","false","false","false","false","true","Non","","16","Femme","Aucun diplôme","Collégien·ne","75 - Paris"
"e5lYYlE","Y5l5vE6","2026-09-29 12:34:57","Économie, Transports et mobilités durables","Économie, Transports et mobilités durables","Oui, tout à fait","Oui, plutôt","Les responsables politiques, Les associations, Les citoyen·nes","Non","Oui, plutôt","Je ne sais pas","Important","Oui, plutôt","Oui, tout à fait","Son appartenance politique, son parti","","Je ne sais pas","Aux réseaux sociaux","Réseaux sociaux","true","false","false","false","false","false","false","Oui","Voter","false","false","false","false","false","false","true","false","Oui, plutôt","Manque de temps","false","false","false","false","true","false","false","Je ne sais pas","false","false","false","false","true","Non","","16","Je préfère ne pas répondre","Brevet des collèges","Lycéen·ne","75 - Paris"
"la1MEy5","gD6DEKl","2026-09-29 13:20:55","Accès à la culture","Économie","Oui, plutôt","Oui, plutôt","Les responsables politiques, Les citoyen·nes, Les associations","En partie","Non, pas vraiment","Non, pas vraiment","Important","Non, pas vraiment","Oui, plutôt","Ses propositions concrètes","Persévérant.e","Je préfère ne pas répondre","Aux médias traditionnels (télévision, radio, journaux, magazines et affichage)","Médias (TV, radio, presse), Réseaux sociaux","true","true","false","false","false","false","false","Non","Rejoindre une association, Voter","false","false","false","false","true","false","true","false","Oui, tout à fait","Manque de représentativité, Manque d’intérêt","false","true","false","true","false","false","false","Se sentir mieux représenté·es, Mieux comprendre les programmes","true","false","false","true","false","Oui","Oui","19","Homme","Bac+2 ou diplôme de niveau équivalent","Étudiant·e","75 - Paris"
"VpA42pj","44V4gad","2026-09-29 13:36:39","Accès à la culture, Droits humains, Lutte contre les violences policières","Droits des femmes, Lutte contre le racisme et la xénophobie","Oui, plutôt","Non, pas du tout","Les citoyen·nes, Les associations, Les responsables politiques","En partie","Non, pas du tout","Non, pas du tout","Très important","Oui, tout à fait","Oui, plutôt","Son appartenance politique, son parti","antifasciste ","Extrême-gauche","Aux sites internet","Entourage (ami·es, famille), Médias (TV, radio, presse)","false","true","false","true","false","false","false","Oui","Manifester dans la rue","false","false","false","false","false","true","false","false","Oui, tout à fait","Manque d’accès à l’information, Difficulté à comprendre les enjeux","false","false","true","false","false","true","false","Se sentir mieux représenté·es","false","false","false","true","false","Oui","Oui","20","Femme","Bac+2 ou diplôme de niveau équivalent","Étudiant·e","91 - Essonne"
"9NyM9V1","68EDLEA","2026-09-29 14:05:02","Justice sociale, Lutte contre le racisme et la xénophobie, Emploi","Éducation (orientation, égalité des chances), Justice sociale","Je ne sais pas","Non, pas vraiment","Les responsables politiques, Les citoyen·nes, Les associations","Non","Oui, tout à fait","Non, pas du tout","Très important","Non, pas vraiment","Non, pas du tout","Ses propositions concrètes","Determiné","Je préfère ne pas répondre","Aux réseaux sociaux","Réseaux sociaux, Structures jeunesse (missions locales, associations…)","true","false","false","false","false","true","false","Oui","Voter","false","false","false","false","false","false","true","false","Non, pas vraiment","Manque d’intérêt, Difficulté à comprendre les enjeux","false","false","false","true","false","true","false","Se sentir concerné·e par les enjeux, Mieux comprendre les programmes","true","true","false","false","false","Oui","Je ne sais pas","19","Femme","Brevet des collèges","Étudiant·e","92 - Hauts-de-Seine"
"VpAD5VE","68EDLEA","2026-09-29 14:16:17","Justice climatique et protection de l’environnement (biodiversité, réduction des déchets), Santé mentale (stress, anxiété, dépression), Droits des femmes","Justice climatique et protection de l’environnement (biodiversité, réduction des déchets), Droits humains","Non, pas vraiment","Non, pas du tout","Les citoyen·nes, Les associations, Les responsables politiques","En partie","Oui, plutôt","Non, pas vraiment","Très important","Oui, tout à fait","Non, pas du tout","Son expérience","Honnête","Gauche","Aux sites internet","Internet (sites d’information), Médias (TV, radio, presse)","false","true","true","false","false","false","false","Oui","Voter, Participer à des ateliers, débats","true","false","false","false","false","false","true","false","Oui, plutôt","Difficulté à comprendre les enjeux, Manque d’intérêt","false","false","false","true","false","true","false","Mieux comprendre les programmes, Se sentir mieux représenté·es","true","false","false","true","false","Oui","Oui","19","Femme","Baccalauréat général, technologique, professionnel","Lycéen·ne","93 - Seine-Saint-Denis"
"OQ9EG4M","jaAeAeQ","2026-09-29 16:36:05","Droits des femmes, Accès à la culture, Santé mentale (stress, anxiété, dépression)","Éducation (orientation, égalité des chances), Politique étrangère","Non, pas vraiment","Non, pas vraiment","Les responsables politiques, Les citoyen·nes, Les associations","En partie","Non, pas du tout","Non, pas vraiment","Important","Oui, tout à fait","Oui, plutôt","Ses propositions concrètes","Juste","Gauche","Aux médias traditionnels (télévision, radio, journaux, magazines et affichage)","Médias (TV, radio, presse), Internet (sites d’information)","false","true","true","false","false","false","false","Oui","Créer du contenu (vidéo, réseaux sociaux), Voter","false","false","true","false","false","false","true","false","Oui, tout à fait","Manque de représentativité, Manque de temps","false","true","false","false","true","false","false","Se sentir concerné·e par les enjeux, Se sentir mieux représenté·es","false","true","false","true","false","Non","Je ne sais pas","15","Homme","Brevet des collèges","Lycéen·ne","75 - Paris"
"RWajlVv","1AoXdKg","2026-09-29 17:50:11","Droits des femmes, Lutte contre le racisme et la xénophobie, Éducation (orientation, égalité des chances)","Justice climatique et protection de l’environnement (biodiversité, réduction des déchets), Droits humains","Non, pas vraiment","Non, pas vraiment","Les responsables politiques, Les citoyen·nes, Les associations","Non","Non, pas vraiment","Non, pas vraiment","Très important","Oui, plutôt","Non, pas du tout","Ses propositions concrètes","Responsable ","Centre-gauche","Aux sites internet","Réseaux sociaux, Internet (sites d’information)","true","false","true","false","false","false","false","Non","Voter","false","false","false","false","false","false","true","false","Oui, tout à fait","Manque d’accès à l’information, Difficulté à comprendre les enjeux","false","false","true","false","false","true","false","Se sentir concerné·e par les enjeux, Mieux comprendre les programmes","true","true","false","false","false","Oui","Oui","20","Femme","Bac+2 ou diplôme de niveau équivalent","Étudiant·e","75 - Paris"
"gb11oz4","ODMXkE8","2026-09-30 12:24:50","Accès à la culture, Protection des données et de la vie privée (numérique), Droits humains","Alimentation durable, Justice sociale","Oui, plutôt","Non, pas du tout","Les citoyen·nes, Les responsables politiques, Les associations","En partie","Oui, plutôt","Non, pas du tout","Très important","Oui, tout à fait","Non, pas du tout","Ses propositions concrètes","","Extrême-gauche","Aux médias traditionnels (télévision, radio, journaux, magazines et affichage)","Réseaux sociaux, Milieu scolaire / réseau étudiant","true","false","false","false","true","false","false","Oui","Manifester dans la rue, Signer, lancer ou relayer des pétitions","false","true","false","false","false","true","false","false","Oui, plutôt","Manque de confiance envers les politiques, Manque de représentativité","true","true","false","false","false","false","false","Se sentir mieux représenté·es, Mieux comprendre les programmes","true","false","false","true","false","Oui","Oui","18","Femme","Baccalauréat général, technologique, professionnel","Étudiant·e","92 - Hauts-de-Seine"
"EqErgZq","zx57E2Z","2026-09-30 14:10:17","Droits des personnes LGBTQIA+, Droits des femmes, Droits des animaux","Justice climatique et protection de l’environnement (biodiversité, réduction des déchets), Lutte contre les violences policières","Non, pas du tout","Non, pas vraiment","Les responsables politiques, Les associations, Les citoyen·nes","Oui, intégralement","Oui, plutôt","Non, pas vraiment","Très important","Oui, plutôt","Non, pas du tout","Ses propositions concrètes","À l'écoute","Extrême-gauche","Aux réseaux sociaux","Réseaux sociaux, Internet (sites d’information)","true","false","true","false","false","false","false","Oui","Manifester dans la rue, Voter","false","false","false","false","false","true","true","false","Oui, tout à fait","Manque de confiance envers les politiques, Difficulté à comprendre les enjeux","true","false","false","false","false","true","false","Avoir plus confiance dans les candidat·es, Mieux comprendre les programmes","true","false","true","false","false","Oui","Oui","22","Non binaire","Bac+3 ou +4, ou diplôme de niveau équivalent","Étudiant·e","77 - Seine-et-Marne"
"RWa1D5d","BzWxL81","2026-09-30 15:20:51","Accès à la culture, Politique étrangère, Lutte contre les violences policières","Politique étrangère, Justice sociale","Non, pas vraiment","Oui, plutôt","Les responsables politiques, Les associations, Les citoyen·nes","En partie","Non, pas vraiment","Non, pas vraiment","Peu important","Oui, plutôt","Non, pas vraiment","Son appartenance politique, son parti","Un(e) président(e) qui agit ","Extrême-gauche","Aux médias traditionnels (télévision, radio, journaux, magazines et affichage)","Entourage (ami·es, famille), Médias (TV, radio, presse)","false","true","false","true","false","false","false","Non","Voter, Manifester dans la rue","false","false","false","false","false","true","true","false","Oui, tout à fait","Manque de représentativité, Manque d’intérêt","false","true","false","true","false","false","false","Avoir plus confiance dans les candidat·es, Se sentir concerné·e par les enjeux","false","true","true","false","false","Non","","15","Femme","Brevet des collèges","Lycéen·ne","75 - Paris"
"VpAax2N","yP5YqrX","2026-09-30 18:49:07","Santé mentale (stress, anxiété, dépression), Droits des personnes LGBTQIA+, Santé (prévention)","Santé mentale (stress, anxiété, dépression), Accès à la culture","Non, pas vraiment","Oui, plutôt","Les responsables politiques, Les associations, Les citoyen·nes","Oui, intégralement","Non, pas vraiment","Non, pas vraiment","Important","Non, pas vraiment","Oui, plutôt","Son appartenance politique, son parti","Lgbt","Gauche","Aux médias traditionnels (télévision, radio, journaux, magazines et affichage)","Médias (TV, radio, presse), Entourage (ami·es, famille)","false","true","false","true","false","false","false","Oui","Voter, Participer à des ateliers, débats","true","false","false","false","false","false","true","false","Oui, tout à fait","Manque de représentativité, Manque de confiance envers les politiques","true","true","false","false","false","false","false","Avoir plus confiance dans les candidat·es, Se sentir concerné·e par les enjeux","false","true","true","false","false","Non","","15","Non binaire","Brevet des collèges","Lycéen·ne","75 - Paris"
"Z9KkEav","xX5Y8rk","2026-09-30 20:24:22","Droits des personnes LGBTQIA+, Éducation (orientation, égalité des chances), Accès à la culture","Politique étrangère, Droits humains","Non, pas vraiment","Oui, plutôt","Les associations, Les responsables politiques, Les citoyen·nes","Non","Oui, plutôt","Non, pas vraiment","Important","Non, pas vraiment","Non, pas vraiment","Ses propositions concrètes","efficace","Centre","Aux médias traditionnels (télévision, radio, journaux, magazines et affichage)","Internet (sites d’information), Entourage (ami·es, famille)","false","false","true","true","false","false","false","Non","Participer à un projet artistique, Participer à des ateliers, débats","true","false","false","true","false","false","false","false","Oui, tout à fait","Manque de confiance envers les politiques, Difficulté à comprendre les enjeux","true","false","false","false","false","true","false","Avoir plus confiance dans les candidat·es, Se sentir concerné·e par les enjeux","false","true","true","false","false","Non","","15","Je préfère ne pas répondre","Brevet des collèges","Lycéen·ne","75 - Paris"
"2jypyP9","PdJEYpV","2026-10-01 15:32:48","Justice climatique et protection de l’environnement (biodiversité, réduction des déchets), Lutte contre le racisme et la xénophobie, Éducation (orientation, égalité des chances)","Justice climatique et protection de l’environnement (biodiversité, réduction des déchets), Lutte contre le racisme et la xénophobie","Non, pas vraiment","Non, pas vraiment","Les responsables politiques, Les associations, Les citoyen·nes","En partie","Non, pas vraiment","Non, pas du tout","Important","Oui, tout à fait","Non, pas vraiment","Ses propositions concrètes","Actif ","Gauche","Aux sites internet","Internet (sites d’information), Entourage (ami·es, famille)","false","false","true","true","false","false","false","Non","Participer à des ateliers, débats, Voter","true","false","false","false","false","false","true","false","Non, pas vraiment","Manque de confiance envers les politiques, Manque d’accès à l’information","true","false","true","false","false","false","false","Se sentir concerné·e par les enjeux, Se sentir mieux représenté·es","false","true","false","true","false","Oui","Oui","17","Homme","Baccalauréat général, technologique, professionnel","Lycéen·ne","93 - Seine-Saint-Denis"
"BElrqbR","1AoKJB4","2026-10-01 15:40:27","Éducation (orientation, égalité des chances), Lutte contre le racisme et la xénophobie","Éducation (orientation, égalité des chances), Lutte contre le racisme et la xénophobie","Non, pas vraiment","Non, pas vraiment","Les responsables politiques, Les citoyen·nes, Les associations","Non","Oui, tout à fait","Non, pas vraiment","Très important","Oui, tout à fait","Non, pas vraiment","Son expérience","just","Centre","Aux médias traditionnels (télévision, radio, journaux, magazines et affichage)","Médias (TV, radio, presse), Internet (sites d’information)","false","true","true","false","false","false","false","Non","Voter, Signer, lancer ou relayer des pétitions","false","true","false","false","false","false","true","false","Oui, tout à fait","Difficulté à comprendre les enjeux, Manque de confiance envers les politiques","true","false","false","false","false","true","false","Mieux comprendre les programmes, Se sentir concerné·e par les enjeux","true","true","false","false","false","Non","Non","15","Femme","Aucun diplôme","Collégien·ne","78 - Yvelines"